# 3ds Max Wavefront OBJ Expoter v0.97b - (c)2007 guruware
# ì¬‚µ‚½ƒtƒ@ƒCƒ‹ : 21.01.2013 18:41:11

#
# object Teapot001
#

v  4.2604 7.3035 -0.0000
v  4.2010 7.5282 -0.0000
v  4.2699 7.6031 -0.0000
v  4.4102 7.5282 -0.0000
v  4.5647 7.3035 -0.0000
v  3.9302 7.3035 1.6722
v  3.8754 7.5282 1.6489
v  3.9390 7.6031 1.6759
v  4.0684 7.5282 1.7310
v  4.2109 7.3035 1.7916
v  3.0249 7.3035 3.0249
v  2.9827 7.5282 2.9827
v  3.0316 7.6031 3.0316
v  3.1312 7.5282 3.1312
v  3.2409 7.3035 3.2409
v  1.6722 7.3035 3.9302
v  1.6489 7.5282 3.8754
v  1.6759 7.6031 3.9390
v  1.7310 7.5282 4.0684
v  1.7916 7.3035 4.2109
v  0.0000 7.3035 4.2604
v  0.0000 7.5282 4.2010
v  0.0000 7.6031 4.2699
v  0.0000 7.5282 4.4102
v  0.0000 7.3035 4.5647
v  -1.7878 7.3035 3.9302
v  -1.6976 7.5282 3.8754
v  -1.6904 7.6031 3.9390
v  -1.7328 7.5282 4.0684
v  -1.7916 7.3035 4.2109
v  -3.1276 7.3035 3.0249
v  -3.0260 7.5282 2.9827
v  -3.0445 7.6031 3.0316
v  -3.1328 7.5282 3.1312
v  -3.2409 7.3035 3.2409
v  -3.9687 7.3035 1.6722
v  -3.8916 7.5282 1.6489
v  -3.9438 7.6031 1.6759
v  -4.0690 7.5282 1.7310
v  -4.2109 7.3035 1.7916
v  -4.2604 7.3035 -0.0000
v  -4.2010 7.5282 -0.0000
v  -4.2699 7.6031 -0.0000
v  -4.4102 7.5282 -0.0000
v  -4.5647 7.3035 -0.0000
v  -3.9302 7.3035 -1.6722
v  -3.8754 7.5282 -1.6489
v  -3.9390 7.6031 -1.6759
v  -4.0684 7.5282 -1.7310
v  -4.2109 7.3035 -1.7916
v  -3.0249 7.3035 -3.0249
v  -2.9827 7.5282 -2.9827
v  -3.0316 7.6031 -3.0316
v  -3.1312 7.5282 -3.1312
v  -3.2409 7.3035 -3.2409
v  -1.6722 7.3035 -3.9302
v  -1.6489 7.5282 -3.8754
v  -1.6759 7.6031 -3.9390
v  -1.7310 7.5282 -4.0684
v  -1.7916 7.3035 -4.2109
v  0.0000 7.3035 -4.2604
v  0.0000 7.5282 -4.2010
v  0.0000 7.6031 -4.2699
v  0.0000 7.5282 -4.4102
v  0.0000 7.3035 -4.5647
v  1.6722 7.3035 -3.9302
v  1.6489 7.5282 -3.8754
v  1.6759 7.6031 -3.9390
v  1.7310 7.5282 -4.0684
v  1.7916 7.3035 -4.2109
v  3.0249 7.3035 -3.0249
v  2.9827 7.5282 -2.9827
v  3.0316 7.6031 -3.0316
v  3.1312 7.5282 -3.1312
v  3.2409 7.3035 -3.2409
v  3.9302 7.3035 -1.6722
v  3.8754 7.5282 -1.6489
v  3.9390 7.6031 -1.6759
v  4.0684 7.5282 -1.7310
v  4.2109 7.3035 -1.7916
v  5.1234 6.1089 -0.0000
v  5.6108 4.9356 -0.0000
v  5.9555 3.8051 -0.0000
v  6.0863 2.7388 -0.0000
v  4.7263 6.1089 2.0109
v  5.1760 4.9356 2.2022
v  5.4940 3.8051 2.3375
v  5.6146 2.7388 2.3889
v  3.6376 6.1089 3.6376
v  3.9837 4.9356 3.9837
v  4.2284 3.8051 4.2284
v  4.3213 2.7388 4.3213
v  2.0109 6.1089 4.7263
v  2.2022 4.9356 5.1760
v  2.3375 3.8051 5.4940
v  2.3889 2.7388 5.6146
v  0.0000 6.1089 5.1234
v  0.0000 4.9356 5.6108
v  0.0000 3.8051 5.9555
v  0.0000 2.7388 6.0863
v  -2.0109 6.1089 4.7263
v  -2.2022 4.9356 5.1760
v  -2.3375 3.8051 5.4940
v  -2.3889 2.7388 5.6146
v  -3.6376 6.1089 3.6376
v  -3.9837 4.9356 3.9837
v  -4.2284 3.8051 4.2284
v  -4.3213 2.7388 4.3213
v  -4.7263 6.1089 2.0109
v  -5.1760 4.9356 2.2022
v  -5.4940 3.8051 2.3375
v  -5.6146 2.7388 2.3889
v  -5.1234 6.1089 -0.0000
v  -5.6108 4.9356 -0.0000
v  -5.9555 3.8051 -0.0000
v  -6.0863 2.7388 -0.0000
v  -4.7263 6.1089 -2.0109
v  -5.1760 4.9356 -2.2022
v  -5.4940 3.8051 -2.3375
v  -5.6146 2.7388 -2.3889
v  -3.6376 6.1089 -3.6376
v  -3.9837 4.9356 -3.9837
v  -4.2284 3.8051 -4.2284
v  -4.3213 2.7388 -4.3213
v  -2.0109 6.1089 -4.7263
v  -2.2022 4.9356 -5.1760
v  -2.3375 3.8051 -5.4940
v  -2.3889 2.7388 -5.6146
v  0.0000 6.1089 -5.1234
v  0.0000 4.9356 -5.6108
v  0.0000 3.8051 -5.9555
v  0.0000 2.7388 -6.0863
v  2.0109 6.1089 -4.7263
v  2.2022 4.9356 -5.1760
v  2.3375 3.8051 -5.4940
v  2.3889 2.7388 -5.6146
v  3.6376 6.1089 -3.6376
v  3.9837 4.9356 -3.9837
v  4.2284 3.8051 -4.2284
v  4.3213 2.7388 -4.3213
v  4.7263 6.1089 -2.0109
v  5.1760 4.9356 -2.2022
v  5.4940 3.8051 -2.3375
v  5.6146 2.7388 -2.3889
v  5.8485 1.8366 -0.0000
v  5.3255 1.1697 -0.0000
v  4.8025 0.7168 -0.0000
v  4.5647 0.4565 -0.0000
v  5.3953 1.8366 2.2956
v  4.9128 1.1697 2.0903
v  4.4303 0.7168 1.8850
v  4.2109 0.4565 1.7916
v  4.1525 1.8366 4.1525
v  3.7811 1.1697 3.7811
v  3.4097 0.7168 3.4097
v  3.2409 0.4565 3.2409
v  2.2956 1.8366 5.3953
v  2.0903 1.1697 4.9128
v  1.8850 0.7168 4.4303
v  1.7916 0.4565 4.2109
v  0.0000 1.8366 5.8485
v  0.0000 1.1697 5.3255
v  0.0000 0.7168 4.8025
v  0.0000 0.4565 4.5647
v  -2.2956 1.8366 5.3953
v  -2.0903 1.1697 4.9128
v  -1.8850 0.7168 4.4303
v  -1.7916 0.4565 4.2109
v  -4.1525 1.8366 4.1525
v  -3.7811 1.1697 3.7811
v  -3.4097 0.7168 3.4097
v  -3.2409 0.4565 3.2409
v  -5.3953 1.8366 2.2956
v  -4.9128 1.1697 2.0903
v  -4.4303 0.7168 1.8850
v  -4.2109 0.4565 1.7916
v  -5.8485 1.8366 -0.0000
v  -5.3255 1.1697 -0.0000
v  -4.8025 0.7168 -0.0000
v  -4.5647 0.4565 -0.0000
v  -5.3953 1.8366 -2.2956
v  -4.9128 1.1697 -2.0903
v  -4.4303 0.7168 -1.8850
v  -4.2109 0.4565 -1.7916
v  -4.1525 1.8366 -4.1525
v  -3.7811 1.1697 -3.7811
v  -3.4097 0.7168 -3.4097
v  -3.2409 0.4565 -3.2409
v  -2.2956 1.8366 -5.3953
v  -2.0903 1.1697 -4.9128
v  -1.8850 0.7168 -4.4303
v  -1.7916 0.4565 -4.2109
v  0.0000 1.8366 -5.8485
v  0.0000 1.1697 -5.3255
v  0.0000 0.7168 -4.8025
v  0.0000 0.4565 -4.5647
v  2.2956 1.8366 -5.3953
v  2.0903 1.1697 -4.9128
v  1.8850 0.7168 -4.4303
v  1.7916 0.4565 -4.2109
v  4.1525 1.8366 -4.1525
v  3.7811 1.1697 -3.7811
v  3.4097 0.7168 -3.4097
v  3.2409 0.4565 -3.2409
v  5.3953 1.8366 -2.2956
v  4.9128 1.1697 -2.0903
v  4.4303 0.7168 -1.8850
v  4.2109 0.4565 -1.7916
v  4.4613 0.2889 -0.0000
v  3.9085 0.1426 -0.0000
v  2.5427 0.0392 -0.0000
v  0.0000 0.0000 -0.0000
v  4.1155 0.2889 1.7511
v  3.6056 0.1426 1.5341
v  2.3456 0.0392 0.9980
v  3.1675 0.2889 3.1675
v  2.7751 0.1426 2.7751
v  1.8053 0.0392 1.8053
v  1.7511 0.2889 4.1155
v  1.5341 0.1426 3.6056
v  0.9980 0.0392 2.3456
v  0.0000 0.2889 4.4613
v  0.0000 0.1426 3.9085
v  0.0000 0.0392 2.5427
v  -1.7511 0.2889 4.1155
v  -1.5341 0.1426 3.6056
v  -0.9980 0.0392 2.3456
v  -3.1675 0.2889 3.1675
v  -2.7751 0.1426 2.7751
v  -1.8053 0.0392 1.8053
v  -4.1155 0.2889 1.7511
v  -3.6056 0.1426 1.5341
v  -2.3456 0.0392 0.9980
v  -4.4613 0.2889 -0.0000
v  -3.9085 0.1426 -0.0000
v  -2.5427 0.0392 -0.0000
v  -4.1155 0.2889 -1.7511
v  -3.6056 0.1426 -1.5341
v  -2.3456 0.0392 -0.9980
v  -3.1675 0.2889 -3.1675
v  -2.7751 0.1426 -2.7751
v  -1.8053 0.0392 -1.8053
v  -1.7511 0.2889 -4.1155
v  -1.5341 0.1426 -3.6056
v  -0.9980 0.0392 -2.3456
v  0.0000 0.2889 -4.4613
v  0.0000 0.1426 -3.9085
v  0.0000 0.0392 -2.5427
v  1.7511 0.2889 -4.1155
v  1.5341 0.1426 -3.6056
v  0.9980 0.0392 -2.3456
v  3.1675 0.2889 -3.1675
v  2.7751 0.1426 -2.7751
v  1.8053 0.0392 -1.8053
v  4.1155 0.2889 -1.7511
v  3.6056 0.1426 -1.5341
v  2.3456 0.0392 -0.9980
v  -4.8690 6.1624 -0.0000
v  -6.2907 6.1517 -0.0000
v  -7.3416 6.0768 -0.0000
v  -7.9930 5.8735 -0.0000
v  -8.2165 5.4777 -0.0000
v  -4.8215 6.2693 0.5135
v  -6.3331 6.2570 0.5135
v  -7.4426 6.1704 0.5135
v  -8.1260 5.9354 0.5135
v  -8.3591 5.4777 0.5135
v  -4.7169 6.5047 0.6847
v  -6.4263 6.4887 0.6847
v  -7.6649 6.3763 0.6847
v  -8.4186 6.0714 0.6847
v  -8.6730 5.4777 0.6847
v  -4.6123 6.7401 0.5135
v  -6.5194 6.7204 0.5135
v  -7.8872 6.5823 0.5135
v  -8.7111 6.2075 0.5135
v  -8.9868 5.4777 0.5135
v  -4.5647 6.8471 -0.0000
v  -6.5618 6.8257 -0.0000
v  -7.9882 6.6759 -0.0000
v  -8.8441 6.2693 -0.0000
v  -9.1294 5.4777 -0.0000
v  -4.6123 6.7401 -0.5135
v  -6.5194 6.7204 -0.5135
v  -7.8872 6.5823 -0.5135
v  -8.7111 6.2075 -0.5135
v  -8.9868 5.4777 -0.5135
v  -4.7169 6.5047 -0.6847
v  -6.4263 6.4887 -0.6847
v  -7.6649 6.3763 -0.6847
v  -8.4186 6.0714 -0.6847
v  -8.6730 5.4777 -0.6847
v  -4.8215 6.2693 -0.5135
v  -6.3331 6.2570 -0.5135
v  -7.4426 6.1704 -0.5135
v  -8.1260 5.9354 -0.5135
v  -8.3591 5.4777 -0.5135
v  -8.0976 4.8571 -0.0000
v  -7.7220 4.1082 -0.0000
v  -7.0610 3.3593 -0.0000
v  -6.0863 2.7388 -0.0000
v  -8.2273 4.7972 0.5135
v  -7.8141 4.0169 0.5135
v  -7.0934 3.2465 0.5135
v  -6.0387 2.5962 0.5135
v  -8.5125 4.6655 0.6847
v  -8.0168 3.8158 0.6847
v  -7.1645 2.9983 0.6847
v  -5.9341 2.2824 0.6847
v  -8.7977 4.5337 0.5135
v  -8.2195 3.6148 0.5135
v  -7.2356 2.7500 0.5135
v  -5.8295 1.9685 0.5135
v  -8.9273 4.4738 -0.0000
v  -8.3116 3.5234 -0.0000
v  -7.2679 2.6372 -0.0000
v  -5.7820 1.8259 -0.0000
v  -8.7977 4.5337 -0.5135
v  -8.2195 3.6148 -0.5135
v  -7.2356 2.7500 -0.5135
v  -5.8295 1.9685 -0.5135
v  -8.5125 4.6655 -0.6847
v  -8.0168 3.8158 -0.6847
v  -7.1645 2.9983 -0.6847
v  -5.9341 2.2824 -0.6847
v  -8.2273 4.7972 -0.5135
v  -7.8141 4.0169 -0.5135
v  -7.0934 3.2465 -0.5135
v  -6.0387 2.5962 -0.5135
v  5.1733 4.3365 -0.0000
v  6.6331 4.6717 -0.0000
v  7.2655 5.4777 -0.0000
v  7.6126 6.4548 -0.0000
v  8.2165 7.3035 -0.0000
v  5.1733 3.9442 1.1298
v  6.7445 4.3808 1.0201
v  7.4081 5.3083 0.7789
v  7.7865 6.3935 0.5376
v  8.5018 7.3035 0.4279
v  5.1733 3.0812 1.5064
v  6.9897 3.7409 1.3601
v  7.7220 4.9356 1.0385
v  8.1689 6.2586 0.7168
v  9.1294 7.3035 0.5706
v  5.1733 2.2182 1.1298
v  7.2349 3.1010 1.0201
v  8.0358 4.5629 0.7789
v  8.5514 6.1238 0.5376
v  9.7571 7.3035 0.4279
v  5.1733 1.8259 -0.0000
v  7.3463 2.8102 -0.0000
v  8.1784 4.3935 -0.0000
v  8.7253 6.0625 -0.0000
v  10.0424 7.3035 -0.0000
v  5.1733 2.2182 -1.1298
v  7.2349 3.1010 -1.0201
v  8.0358 4.5629 -0.7789
v  8.5514 6.1238 -0.5376
v  9.7571 7.3035 -0.4279
v  5.1733 3.0812 -1.5064
v  6.9897 3.7409 -1.3601
v  7.7220 4.9356 -1.0385
v  8.1689 6.2586 -0.7168
v  9.1294 7.3035 -0.5706
v  5.1733 3.9442 -1.1298
v  6.7445 4.3808 -1.0201
v  7.4081 5.3083 -0.7789
v  7.7865 6.3935 -0.5376
v  8.5018 7.3035 -0.4279
v  8.4352 7.4319 -0.0000
v  8.5969 7.4747 -0.0000
v  8.6444 7.4319 -0.0000
v  8.5208 7.3035 -0.0000
v  8.7407 7.4382 0.4012
v  8.8837 7.4847 0.3424
v  8.8879 7.4407 0.2835
v  8.7110 7.3035 0.2568
v  9.4129 7.4520 0.5349
v  9.5146 7.5068 0.4565
v  9.4236 7.4600 0.3780
v  9.1294 7.3035 0.3424
v  10.0851 7.4658 0.4012
v  10.1455 7.5289 0.3424
v  9.9593 7.4793 0.2835
v  9.5479 7.3035 0.2568
v  10.3907 7.4720 -0.0000
v  10.4323 7.5389 -0.0000
v  10.2028 7.4881 -0.0000
v  9.7381 7.3035 -0.0000
v  10.0851 7.4658 -0.4012
v  10.1455 7.5289 -0.3424
v  9.9593 7.4793 -0.2835
v  9.5479 7.3035 -0.2568
v  9.4129 7.4520 -0.5349
v  9.5146 7.5068 -0.4565
v  9.4236 7.4600 -0.3780
v  9.1294 7.3035 -0.3424
v  8.7407 7.4382 -0.4012
v  8.8837 7.4847 -0.3424
v  8.8879 7.4407 -0.2835
v  8.7110 7.3035 -0.2568
v  0.0000 9.5859 -0.0000
v  1.0366 9.4361 -0.0000
v  0.9890 9.0724 -0.0000
v  0.5991 8.6230 -0.0000
v  0.6086 8.2165 -0.0000
v  0.9566 9.4361 0.4079
v  0.9127 9.0724 0.3892
v  0.5528 8.6230 0.2355
v  0.5615 8.2165 0.2389
v  0.7369 9.4361 0.7369
v  0.7031 9.0724 0.7031
v  0.4257 8.6230 0.4257
v  0.4321 8.2165 0.4321
v  0.4079 9.4361 0.9566
v  0.3892 9.0724 0.9127
v  0.2355 8.6230 0.5528
v  0.2389 8.2165 0.5615
v  0.0000 9.4361 1.0366
v  0.0000 9.0724 0.9890
v  0.0000 8.6230 0.5991
v  0.0000 8.2165 0.6086
v  -0.4079 9.4361 0.9566
v  -0.3892 9.0724 0.9127
v  -0.2355 8.6230 0.5528
v  -0.2389 8.2165 0.5615
v  -0.7369 9.4361 0.7369
v  -0.7031 9.0724 0.7031
v  -0.4257 8.6230 0.4257
v  -0.4321 8.2165 0.4321
v  -0.9566 9.4361 0.4079
v  -0.9127 9.0724 0.3892
v  -0.5528 8.6230 0.2355
v  -0.5615 8.2165 0.2389
v  -1.0366 9.4361 -0.0000
v  -0.9890 9.0724 -0.0000
v  -0.5991 8.6230 -0.0000
v  -0.6086 8.2165 -0.0000
v  -0.9566 9.4361 -0.4079
v  -0.9127 9.0724 -0.3892
v  -0.5528 8.6230 -0.2355
v  -0.5615 8.2165 -0.2389
v  -0.7369 9.4361 -0.7369
v  -0.7031 9.0724 -0.7031
v  -0.4257 8.6230 -0.4257
v  -0.4321 8.2165 -0.4321
v  -0.4079 9.4361 -0.9566
v  -0.3892 9.0724 -0.9127
v  -0.2355 8.6230 -0.5528
v  -0.2389 8.2165 -0.5615
v  0.0000 9.4361 -1.0366
v  0.0000 9.0724 -0.9890
v  0.0000 8.6230 -0.5991
v  0.0000 8.2165 -0.6086
v  0.4079 9.4361 -0.9566
v  0.3892 9.0724 -0.9127
v  0.2355 8.6230 -0.5528
v  0.2389 8.2165 -0.5615
v  0.7369 9.4361 -0.7369
v  0.7031 9.0724 -0.7031
v  0.4257 8.6230 -0.4257
v  0.4321 8.2165 -0.4321
v  0.9566 9.4361 -0.4079
v  0.9127 9.0724 -0.3892
v  0.5528 8.6230 -0.2355
v  0.5615 8.2165 -0.2389
v  1.3884 7.9455 -0.0000
v  2.5106 7.7600 -0.0000
v  3.5186 7.5746 -0.0000
v  3.9561 7.3035 -0.0000
v  1.2808 7.9455 0.5450
v  2.3160 7.7600 0.9854
v  3.2459 7.5746 1.3811
v  3.6495 7.3035 1.5528
v  0.9858 7.9455 0.9858
v  1.7825 7.7600 1.7825
v  2.4982 7.5746 2.4982
v  2.8088 7.3035 2.8088
v  0.5450 7.9455 1.2808
v  0.9854 7.7600 2.3160
v  1.3811 7.5746 3.2459
v  1.5528 7.3035 3.6495
v  0.0000 7.9455 1.3884
v  0.0000 7.7600 2.5106
v  0.0000 7.5746 3.5186
v  0.0000 7.3035 3.9561
v  -0.5450 7.9455 1.2808
v  -0.9854 7.7600 2.3160
v  -1.3811 7.5746 3.2459
v  -1.5528 7.3035 3.6495
v  -0.9858 7.9455 0.9858
v  -1.7825 7.7600 1.7825
v  -2.4982 7.5746 2.4982
v  -2.8088 7.3035 2.8088
v  -1.2808 7.9455 0.5450
v  -2.3160 7.7600 0.9854
v  -3.2459 7.5746 1.3811
v  -3.6495 7.3035 1.5528
v  -1.3884 7.9455 -0.0000
v  -2.5106 7.7600 -0.0000
v  -3.5186 7.5746 -0.0000
v  -3.9561 7.3035 -0.0000
v  -1.2808 7.9455 -0.5450
v  -2.3160 7.7600 -0.9854
v  -3.2459 7.5746 -1.3811
v  -3.6495 7.3035 -1.5528
v  -0.9858 7.9455 -0.9858
v  -1.7825 7.7600 -1.7825
v  -2.4982 7.5746 -2.4982
v  -2.8088 7.3035 -2.8088
v  -0.5450 7.9455 -1.2808
v  -0.9854 7.7600 -2.3160
v  -1.3811 7.5746 -3.2459
v  -1.5528 7.3035 -3.6495
v  0.0000 7.9455 -1.3884
v  0.0000 7.7600 -2.5106
v  0.0000 7.5746 -3.5186
v  0.0000 7.3035 -3.9561
v  0.5450 7.9455 -1.2808
v  0.9854 7.7600 -2.3160
v  1.3811 7.5746 -3.2459
v  1.5528 7.3035 -3.6495
v  0.9858 7.9455 -0.9858
v  1.7825 7.7600 -1.7825
v  2.4982 7.5746 -2.4982
v  2.8088 7.3035 -2.8088
v  1.2808 7.9455 -0.5450
v  2.3160 7.7600 -0.9854
v  3.2459 7.5746 -1.3811
v  3.6495 7.3035 -1.5528
# 530 vertices

vn -0.9667 -0.2558 -0.0000
vn -0.8930 -0.2563 -0.3699
vn -0.8934 0.2560 -0.3691
vn -0.8934 0.2560 -0.3691
vn -0.9668 0.2554 -0.0000
vn -0.9667 -0.2558 -0.0000
vn -0.9668 0.2554 -0.0000
vn -0.8934 0.2560 -0.3691
vn -0.0839 0.9958 -0.0355
vn -0.0839 0.9958 -0.0355
vn -0.0921 0.9958 -0.0000
vn -0.9668 0.2554 -0.0000
vn -0.0921 0.9958 -0.0000
vn -0.0839 0.9958 -0.0355
vn 0.6297 0.7319 0.2604
vn 0.6297 0.7319 0.2604
vn 0.6820 0.7313 0.0000
vn -0.0921 0.9958 -0.0000
vn 0.6820 0.7313 0.0000
vn 0.6297 0.7319 0.2604
vn 0.8037 0.4934 0.3326
vn 0.8037 0.4934 0.3326
vn 0.8703 0.4925 0.0000
vn 0.6820 0.7313 0.0000
vn -0.8930 -0.2563 -0.3699
vn -0.6834 -0.2567 -0.6834
vn -0.6835 0.2561 -0.6835
vn -0.6835 0.2561 -0.6835
vn -0.8934 0.2560 -0.3691
vn -0.8930 -0.2563 -0.3699
vn -0.8934 0.2560 -0.3691
vn -0.6835 0.2561 -0.6835
vn -0.0649 0.9958 -0.0649
vn -0.0649 0.9958 -0.0649
vn -0.0839 0.9958 -0.0355
vn -0.8934 0.2560 -0.3691
vn -0.0839 0.9958 -0.0355
vn -0.0649 0.9958 -0.0649
vn 0.4814 0.7325 0.4814
vn 0.4814 0.7325 0.4814
vn 0.6297 0.7319 0.2604
vn -0.0839 0.9958 -0.0355
vn 0.6297 0.7319 0.2604
vn 0.4814 0.7325 0.4814
vn 0.6148 0.4940 0.6148
vn 0.6148 0.4940 0.6148
vn 0.8037 0.4934 0.3326
vn 0.6297 0.7319 0.2604
vn -0.6834 -0.2567 -0.6834
vn -0.3699 -0.2563 -0.8930
vn -0.3691 0.2560 -0.8934
vn -0.3691 0.2560 -0.8934
vn -0.6835 0.2561 -0.6835
vn -0.6834 -0.2567 -0.6834
vn -0.6835 0.2561 -0.6835
vn -0.3691 0.2560 -0.8934
vn -0.0355 0.9958 -0.0839
vn -0.0355 0.9958 -0.0839
vn -0.0649 0.9958 -0.0649
vn -0.6835 0.2561 -0.6835
vn -0.0649 0.9958 -0.0649
vn -0.0355 0.9958 -0.0839
vn 0.2604 0.7319 0.6297
vn 0.2604 0.7319 0.6297
vn 0.4814 0.7325 0.4814
vn -0.0649 0.9958 -0.0649
vn 0.4814 0.7325 0.4814
vn 0.2604 0.7319 0.6297
vn 0.3326 0.4934 0.8037
vn 0.3326 0.4934 0.8037
vn 0.6148 0.4940 0.6148
vn 0.4814 0.7325 0.4814
vn -0.3699 -0.2563 -0.8930
vn -0.0028 -0.2579 -0.9662
vn -0.0019 0.2547 -0.9670
vn -0.0019 0.2547 -0.9670
vn -0.3691 0.2560 -0.8934
vn -0.3699 -0.2563 -0.8930
vn -0.3691 0.2560 -0.8934
vn -0.0019 0.2547 -0.9670
vn -0.0003 0.9957 -0.0923
vn -0.0003 0.9957 -0.0923
vn -0.0355 0.9958 -0.0839
vn -0.3691 0.2560 -0.8934
vn -0.0355 0.9958 -0.0839
vn -0.0003 0.9957 -0.0923
vn 0.0000 0.7313 0.6821
vn 0.0000 0.7313 0.6821
vn 0.2604 0.7319 0.6297
vn -0.0355 0.9958 -0.0839
vn 0.2604 0.7319 0.6297
vn 0.0000 0.7313 0.6821
vn -0.0000 0.4925 0.8703
vn -0.0000 0.4925 0.8703
vn 0.3326 0.4934 0.8037
vn 0.2604 0.7319 0.6297
vn -0.0028 -0.2579 -0.9662
vn 0.3791 -0.3593 -0.8528
vn 0.3771 0.1491 -0.9141
vn 0.3771 0.1491 -0.9141
vn -0.0019 0.2547 -0.9670
vn -0.0028 -0.2579 -0.9662
vn -0.0019 0.2547 -0.9670
vn 0.3771 0.1491 -0.9141
vn 0.0275 0.9921 -0.1226
vn 0.0275 0.9921 -0.1226
vn -0.0003 0.9957 -0.0923
vn -0.0019 0.2547 -0.9670
vn -0.0003 0.9957 -0.0923
vn 0.0275 0.9921 -0.1226
vn -0.2610 0.7268 0.6354
vn -0.2610 0.7268 0.6354
vn 0.0000 0.7313 0.6821
vn -0.0003 0.9957 -0.0923
vn 0.0000 0.7313 0.6821
vn -0.2610 0.7268 0.6354
vn -0.3325 0.4925 0.8043
vn -0.3325 0.4925 0.8043
vn -0.0000 0.4925 0.8703
vn 0.0000 0.7313 0.6821
vn 0.3791 -0.3593 -0.8528
vn 0.6635 -0.4108 -0.6253
vn 0.7127 0.0737 -0.6976
vn 0.7127 0.0737 -0.6976
vn 0.3771 0.1491 -0.9141
vn 0.3791 -0.3593 -0.8528
vn 0.3771 0.1491 -0.9141
vn 0.7127 0.0737 -0.6976
vn 0.0997 0.9875 -0.1220
vn 0.0997 0.9875 -0.1220
vn 0.0275 0.9921 -0.1226
vn 0.3771 0.1491 -0.9141
vn 0.0275 0.9921 -0.1226
vn 0.0997 0.9875 -0.1220
vn -0.4873 0.7238 0.4886
vn -0.4873 0.7238 0.4886
vn -0.2610 0.7268 0.6354
vn 0.0275 0.9921 -0.1226
vn -0.2610 0.7268 0.6354
vn -0.4873 0.7238 0.4886
vn -0.6152 0.4926 0.6155
vn -0.6152 0.4926 0.6155
vn -0.3325 0.4925 0.8043
vn -0.2610 0.7268 0.6354
vn 0.6635 -0.4108 -0.6253
vn 0.8800 -0.3329 -0.3387
vn 0.9173 0.1671 -0.3615
vn 0.9173 0.1671 -0.3615
vn 0.7127 0.0737 -0.6976
vn 0.6635 -0.4108 -0.6253
vn 0.7127 0.0737 -0.6976
vn 0.9173 0.1671 -0.3615
vn 0.1136 0.9924 -0.0481
vn 0.1136 0.9924 -0.0481
vn 0.0997 0.9875 -0.1220
vn 0.7127 0.0737 -0.6976
vn 0.0997 0.9875 -0.1220
vn 0.1136 0.9924 -0.0481
vn -0.6341 0.7275 0.2619
vn -0.6341 0.7275 0.2619
vn -0.4873 0.7238 0.4886
vn 0.0997 0.9875 -0.1220
vn -0.4873 0.7238 0.4886
vn -0.6341 0.7275 0.2619
vn -0.8041 0.4926 0.3327
vn -0.8041 0.4926 0.3327
vn -0.6152 0.4926 0.6155
vn -0.4873 0.7238 0.4886
vn 0.8800 -0.3329 -0.3387
vn 0.9667 -0.2557 0.0105
vn 0.9674 0.2530 0.0081
vn 0.9674 0.2530 0.0081
vn 0.9173 0.1671 -0.3615
vn 0.8800 -0.3329 -0.3387
vn 0.9173 0.1671 -0.3615
vn 0.9674 0.2530 0.0081
vn 0.0934 0.9956 0.0013
vn 0.0934 0.9956 0.0013
vn 0.1136 0.9924 -0.0481
vn 0.9173 0.1671 -0.3615
vn 0.1136 0.9924 -0.0481
vn 0.0934 0.9956 0.0013
vn -0.6822 0.7312 -0.0003
vn -0.6822 0.7312 -0.0003
vn -0.6341 0.7275 0.2619
vn 0.1136 0.9924 -0.0481
vn -0.6341 0.7275 0.2619
vn -0.6822 0.7312 -0.0003
vn -0.8703 0.4925 -0.0001
vn -0.8703 0.4925 -0.0001
vn -0.8041 0.4926 0.3327
vn -0.6341 0.7275 0.2619
vn 0.9667 -0.2557 0.0105
vn 0.8930 -0.2563 0.3699
vn 0.8934 0.2560 0.3691
vn 0.8934 0.2560 0.3691
vn 0.9674 0.2530 0.0081
vn 0.9667 -0.2557 0.0105
vn 0.9674 0.2530 0.0081
vn 0.8934 0.2560 0.3691
vn 0.0839 0.9958 0.0355
vn 0.0839 0.9958 0.0355
vn 0.0934 0.9956 0.0013
vn 0.9674 0.2530 0.0081
vn 0.0934 0.9956 0.0013
vn 0.0839 0.9958 0.0355
vn -0.6297 0.7319 -0.2604
vn -0.6297 0.7319 -0.2604
vn -0.6822 0.7312 -0.0003
vn 0.0934 0.9956 0.0013
vn -0.6822 0.7312 -0.0003
vn -0.6297 0.7319 -0.2604
vn -0.8037 0.4934 -0.3326
vn -0.8037 0.4934 -0.3326
vn -0.8703 0.4925 -0.0001
vn -0.6822 0.7312 -0.0003
vn 0.8930 -0.2563 0.3699
vn 0.6834 -0.2567 0.6834
vn 0.6835 0.2561 0.6835
vn 0.6835 0.2561 0.6835
vn 0.8934 0.2560 0.3691
vn 0.8930 -0.2563 0.3699
vn 0.8934 0.2560 0.3691
vn 0.6835 0.2561 0.6835
vn 0.0649 0.9958 0.0649
vn 0.0649 0.9958 0.0649
vn 0.0839 0.9958 0.0355
vn 0.8934 0.2560 0.3691
vn 0.0839 0.9958 0.0355
vn 0.0649 0.9958 0.0649
vn -0.4814 0.7325 -0.4814
vn -0.4814 0.7325 -0.4814
vn -0.6297 0.7319 -0.2604
vn 0.0839 0.9958 0.0355
vn -0.6297 0.7319 -0.2604
vn -0.4814 0.7325 -0.4814
vn -0.6148 0.4940 -0.6148
vn -0.6148 0.4940 -0.6148
vn -0.8037 0.4934 -0.3326
vn -0.6297 0.7319 -0.2604
vn 0.6834 -0.2567 0.6834
vn 0.3699 -0.2563 0.8930
vn 0.3691 0.2560 0.8934
vn 0.3691 0.2560 0.8934
vn 0.6835 0.2561 0.6835
vn 0.6834 -0.2567 0.6834
vn 0.6835 0.2561 0.6835
vn 0.3691 0.2560 0.8934
vn 0.0355 0.9958 0.0839
vn 0.0355 0.9958 0.0839
vn 0.0649 0.9958 0.0649
vn 0.6835 0.2561 0.6835
vn 0.0649 0.9958 0.0649
vn 0.0355 0.9958 0.0839
vn -0.2604 0.7319 -0.6297
vn -0.2604 0.7319 -0.6297
vn -0.4814 0.7325 -0.4814
vn 0.0649 0.9958 0.0649
vn -0.4814 0.7325 -0.4814
vn -0.2604 0.7319 -0.6297
vn -0.3326 0.4934 -0.8037
vn -0.3326 0.4934 -0.8037
vn -0.6148 0.4940 -0.6148
vn -0.4814 0.7325 -0.4814
vn 0.3699 -0.2563 0.8930
vn -0.0000 -0.2558 0.9667
vn -0.0000 0.2554 0.9668
vn -0.0000 0.2554 0.9668
vn 0.3691 0.2560 0.8934
vn 0.3699 -0.2563 0.8930
vn 0.3691 0.2560 0.8934
vn -0.0000 0.2554 0.9668
vn -0.0000 0.9958 0.0921
vn -0.0000 0.9958 0.0921
vn 0.0355 0.9958 0.0839
vn 0.3691 0.2560 0.8934
vn 0.0355 0.9958 0.0839
vn -0.0000 0.9958 0.0921
vn 0.0000 0.7313 -0.6820
vn 0.0000 0.7313 -0.6820
vn -0.2604 0.7319 -0.6297
vn 0.0355 0.9958 0.0839
vn -0.2604 0.7319 -0.6297
vn 0.0000 0.7313 -0.6820
vn 0.0000 0.4925 -0.8703
vn 0.0000 0.4925 -0.8703
vn -0.3326 0.4934 -0.8037
vn -0.2604 0.7319 -0.6297
vn -0.0000 -0.2558 0.9667
vn -0.3699 -0.2563 0.8930
vn -0.3691 0.2560 0.8934
vn -0.3691 0.2560 0.8934
vn -0.0000 0.2554 0.9668
vn -0.0000 -0.2558 0.9667
vn -0.0000 0.2554 0.9668
vn -0.3691 0.2560 0.8934
vn -0.0355 0.9958 0.0839
vn -0.0355 0.9958 0.0839
vn -0.0000 0.9958 0.0921
vn -0.0000 0.2554 0.9668
vn -0.0000 0.9958 0.0921
vn -0.0355 0.9958 0.0839
vn 0.2604 0.7319 -0.6297
vn 0.2604 0.7319 -0.6297
vn 0.0000 0.7313 -0.6820
vn -0.0000 0.9958 0.0921
vn 0.0000 0.7313 -0.6820
vn 0.2604 0.7319 -0.6297
vn 0.3326 0.4934 -0.8037
vn 0.3326 0.4934 -0.8037
vn 0.0000 0.4925 -0.8703
vn 0.0000 0.7313 -0.6820
vn -0.3699 -0.2563 0.8930
vn -0.6834 -0.2567 0.6834
vn -0.6835 0.2561 0.6835
vn -0.6835 0.2561 0.6835
vn -0.3691 0.2560 0.8934
vn -0.3699 -0.2563 0.8930
vn -0.3691 0.2560 0.8934
vn -0.6835 0.2561 0.6835
vn -0.0649 0.9958 0.0649
vn -0.0649 0.9958 0.0649
vn -0.0355 0.9958 0.0839
vn -0.3691 0.2560 0.8934
vn -0.0355 0.9958 0.0839
vn -0.0649 0.9958 0.0649
vn 0.4814 0.7325 -0.4814
vn 0.4814 0.7325 -0.4814
vn 0.2604 0.7319 -0.6297
vn -0.0355 0.9958 0.0839
vn 0.2604 0.7319 -0.6297
vn 0.4814 0.7325 -0.4814
vn 0.6148 0.4940 -0.6148
vn 0.6148 0.4940 -0.6148
vn 0.3326 0.4934 -0.8037
vn 0.2604 0.7319 -0.6297
vn -0.6834 -0.2567 0.6834
vn -0.8930 -0.2563 0.3699
vn -0.8934 0.2560 0.3691
vn -0.8934 0.2560 0.3691
vn -0.6835 0.2561 0.6835
vn -0.6834 -0.2567 0.6834
vn -0.6835 0.2561 0.6835
vn -0.8934 0.2560 0.3691
vn -0.0839 0.9958 0.0355
vn -0.0839 0.9958 0.0355
vn -0.0649 0.9958 0.0649
vn -0.6835 0.2561 0.6835
vn -0.0649 0.9958 0.0649
vn -0.0839 0.9958 0.0355
vn 0.6297 0.7319 -0.2604
vn 0.6297 0.7319 -0.2604
vn 0.4814 0.7325 -0.4814
vn -0.0649 0.9958 0.0649
vn 0.4814 0.7325 -0.4814
vn 0.6297 0.7319 -0.2604
vn 0.8037 0.4934 -0.3326
vn 0.8037 0.4934 -0.3326
vn 0.6148 0.4940 -0.6148
vn 0.4814 0.7325 -0.4814
vn -0.8930 -0.2563 0.3699
vn -0.9667 -0.2558 -0.0000
vn -0.9668 0.2554 -0.0000
vn -0.9668 0.2554 -0.0000
vn -0.8934 0.2560 0.3691
vn -0.8930 -0.2563 0.3699
vn -0.8934 0.2560 0.3691
vn -0.9668 0.2554 -0.0000
vn -0.0921 0.9958 -0.0000
vn -0.0921 0.9958 -0.0000
vn -0.0839 0.9958 0.0355
vn -0.8934 0.2560 0.3691
vn -0.0839 0.9958 0.0355
vn -0.0921 0.9958 -0.0000
vn 0.6820 0.7313 0.0000
vn 0.6820 0.7313 0.0000
vn 0.6297 0.7319 -0.2604
vn -0.0839 0.9958 0.0355
vn 0.6297 0.7319 -0.2604
vn 0.6820 0.7313 0.0000
vn 0.8703 0.4925 0.0000
vn 0.8703 0.4925 0.0000
vn 0.8037 0.4934 -0.3326
vn 0.6297 0.7319 -0.2604
vn 0.8703 0.4925 0.0000
vn 0.8037 0.4934 0.3326
vn 0.8454 0.4035 0.3498
vn 0.8454 0.4035 0.3498
vn 0.9153 0.4027 0.0000
vn 0.8703 0.4925 0.0000
vn 0.9153 0.4027 0.0000
vn 0.8454 0.4035 0.3498
vn 0.8700 0.3369 0.3600
vn 0.8700 0.3369 0.3600
vn 0.9418 0.3362 0.0000
vn 0.9153 0.4027 0.0000
vn 0.9418 0.3362 0.0000
vn 0.8700 0.3369 0.3600
vn 0.9042 0.2058 0.3743
vn 0.9042 0.2058 0.3743
vn 0.9787 0.2053 -0.0000
vn 0.9418 0.3362 0.0000
vn 0.9787 0.2053 -0.0000
vn 0.9042 0.2058 0.3743
vn 0.9219 -0.0664 0.3818
vn 0.9219 -0.0664 0.3818
vn 0.9978 -0.0662 0.0000
vn 0.9787 0.2053 -0.0000
vn 0.8037 0.4934 0.3326
vn 0.6148 0.4940 0.6148
vn 0.6468 0.4041 0.6468
vn 0.6468 0.4041 0.6468
vn 0.8454 0.4035 0.3498
vn 0.8037 0.4934 0.3326
vn 0.8454 0.4035 0.3498
vn 0.6468 0.4041 0.6468
vn 0.6657 0.3374 0.6657
vn 0.6657 0.3374 0.6657
vn 0.8700 0.3369 0.3600
vn 0.8454 0.4035 0.3498
vn 0.8700 0.3369 0.3600
vn 0.6657 0.3374 0.6657
vn 0.6919 0.2061 0.6919
vn 0.6919 0.2061 0.6919
vn 0.9042 0.2058 0.3743
vn 0.8700 0.3369 0.3600
vn 0.9042 0.2058 0.3743
vn 0.6919 0.2061 0.6919
vn 0.7055 -0.0665 0.7055
vn 0.7055 -0.0665 0.7055
vn 0.9219 -0.0664 0.3818
vn 0.9042 0.2058 0.3743
vn 0.6148 0.4940 0.6148
vn 0.3326 0.4934 0.8037
vn 0.3498 0.4035 0.8454
vn 0.3498 0.4035 0.8454
vn 0.6468 0.4041 0.6468
vn 0.6148 0.4940 0.6148
vn 0.6468 0.4041 0.6468
vn 0.3498 0.4035 0.8454
vn 0.3600 0.3369 0.8700
vn 0.3600 0.3369 0.8700
vn 0.6657 0.3374 0.6657
vn 0.6468 0.4041 0.6468
vn 0.6657 0.3374 0.6657
vn 0.3600 0.3369 0.8700
vn 0.3743 0.2058 0.9042
vn 0.3743 0.2058 0.9042
vn 0.6919 0.2061 0.6919
vn 0.6657 0.3374 0.6657
vn 0.6919 0.2061 0.6919
vn 0.3743 0.2058 0.9042
vn 0.3818 -0.0664 0.9219
vn 0.3818 -0.0664 0.9219
vn 0.7055 -0.0665 0.7055
vn 0.6919 0.2061 0.6919
vn 0.3326 0.4934 0.8037
vn -0.0000 0.4925 0.8703
vn -0.0000 0.4027 0.9153
vn -0.0000 0.4027 0.9153
vn 0.3498 0.4035 0.8454
vn 0.3326 0.4934 0.8037
vn 0.3498 0.4035 0.8454
vn -0.0000 0.4027 0.9153
vn -0.0000 0.3362 0.9418
vn -0.0000 0.3362 0.9418
vn 0.3600 0.3369 0.8700
vn 0.3498 0.4035 0.8454
vn 0.3600 0.3369 0.8700
vn -0.0000 0.3362 0.9418
vn 0.0000 0.2053 0.9787
vn 0.0000 0.2053 0.9787
vn 0.3743 0.2058 0.9042
vn 0.3600 0.3369 0.8700
vn 0.3743 0.2058 0.9042
vn 0.0000 0.2053 0.9787
vn -0.0000 -0.0662 0.9978
vn -0.0000 -0.0662 0.9978
vn 0.3818 -0.0664 0.9219
vn 0.3743 0.2058 0.9042
vn -0.0000 0.4925 0.8703
vn -0.3325 0.4925 0.8043
vn -0.3498 0.4035 0.8454
vn -0.3498 0.4035 0.8454
vn -0.0000 0.4027 0.9153
vn -0.0000 0.4925 0.8703
vn -0.0000 0.4027 0.9153
vn -0.3498 0.4035 0.8454
vn -0.3600 0.3369 0.8700
vn -0.3600 0.3369 0.8700
vn -0.0000 0.3362 0.9418
vn -0.0000 0.4027 0.9153
vn -0.0000 0.3362 0.9418
vn -0.3600 0.3369 0.8700
vn -0.3743 0.2058 0.9042
vn -0.3743 0.2058 0.9042
vn 0.0000 0.2053 0.9787
vn -0.0000 0.3362 0.9418
vn 0.0000 0.2053 0.9787
vn -0.3743 0.2058 0.9042
vn -0.3818 -0.0664 0.9219
vn -0.3818 -0.0664 0.9219
vn -0.0000 -0.0662 0.9978
vn 0.0000 0.2053 0.9787
vn -0.3325 0.4925 0.8043
vn -0.6152 0.4926 0.6155
vn -0.6468 0.4041 0.6468
vn -0.6468 0.4041 0.6468
vn -0.3498 0.4035 0.8454
vn -0.3325 0.4925 0.8043
vn -0.3498 0.4035 0.8454
vn -0.6468 0.4041 0.6468
vn -0.6657 0.3374 0.6657
vn -0.6657 0.3374 0.6657
vn -0.3600 0.3369 0.8700
vn -0.3498 0.4035 0.8454
vn -0.3600 0.3369 0.8700
vn -0.6657 0.3374 0.6657
vn -0.6919 0.2061 0.6919
vn -0.6919 0.2061 0.6919
vn -0.3743 0.2058 0.9042
vn -0.3600 0.3369 0.8700
vn -0.3743 0.2058 0.9042
vn -0.6919 0.2061 0.6919
vn -0.7055 -0.0665 0.7055
vn -0.7055 -0.0665 0.7055
vn -0.3818 -0.0664 0.9219
vn -0.3743 0.2058 0.9042
vn -0.6152 0.4926 0.6155
vn -0.8041 0.4926 0.3327
vn -0.8454 0.4035 0.3498
vn -0.8454 0.4035 0.3498
vn -0.6468 0.4041 0.6468
vn -0.6152 0.4926 0.6155
vn -0.6468 0.4041 0.6468
vn -0.8454 0.4035 0.3498
vn -0.8700 0.3369 0.3600
vn -0.8700 0.3369 0.3600
vn -0.6657 0.3374 0.6657
vn -0.6468 0.4041 0.6468
vn -0.6657 0.3374 0.6657
vn -0.8700 0.3369 0.3600
vn -0.9042 0.2058 0.3743
vn -0.9042 0.2058 0.3743
vn -0.6919 0.2061 0.6919
vn -0.6657 0.3374 0.6657
vn -0.6919 0.2061 0.6919
vn -0.9042 0.2058 0.3743
vn -0.9219 -0.0664 0.3818
vn -0.9219 -0.0664 0.3818
vn -0.7055 -0.0665 0.7055
vn -0.6919 0.2061 0.6919
vn -0.8041 0.4926 0.3327
vn -0.8703 0.4925 -0.0001
vn -0.9153 0.4027 -0.0000
vn -0.9153 0.4027 -0.0000
vn -0.8454 0.4035 0.3498
vn -0.8041 0.4926 0.3327
vn -0.8454 0.4035 0.3498
vn -0.9153 0.4027 -0.0000
vn -0.9418 0.3362 -0.0000
vn -0.9418 0.3362 -0.0000
vn -0.8700 0.3369 0.3600
vn -0.8454 0.4035 0.3498
vn -0.8700 0.3369 0.3600
vn -0.9418 0.3362 -0.0000
vn -0.9787 0.2053 0.0000
vn -0.9787 0.2053 0.0000
vn -0.9042 0.2058 0.3743
vn -0.8700 0.3369 0.3600
vn -0.9042 0.2058 0.3743
vn -0.9787 0.2053 0.0000
vn -0.9978 -0.0662 -0.0000
vn -0.9978 -0.0662 -0.0000
vn -0.9219 -0.0664 0.3818
vn -0.9042 0.2058 0.3743
vn -0.8703 0.4925 -0.0001
vn -0.8037 0.4934 -0.3326
vn -0.8454 0.4035 -0.3498
vn -0.8454 0.4035 -0.3498
vn -0.9153 0.4027 -0.0000
vn -0.8703 0.4925 -0.0001
vn -0.9153 0.4027 -0.0000
vn -0.8454 0.4035 -0.3498
vn -0.8700 0.3369 -0.3600
vn -0.8700 0.3369 -0.3600
vn -0.9418 0.3362 -0.0000
vn -0.9153 0.4027 -0.0000
vn -0.9418 0.3362 -0.0000
vn -0.8700 0.3369 -0.3600
vn -0.9042 0.2058 -0.3743
vn -0.9042 0.2058 -0.3743
vn -0.9787 0.2053 0.0000
vn -0.9418 0.3362 -0.0000
vn -0.9787 0.2053 0.0000
vn -0.9042 0.2058 -0.3743
vn -0.9219 -0.0664 -0.3818
vn -0.9219 -0.0664 -0.3818
vn -0.9978 -0.0662 -0.0000
vn -0.9787 0.2053 0.0000
vn -0.8037 0.4934 -0.3326
vn -0.6148 0.4940 -0.6148
vn -0.6468 0.4041 -0.6468
vn -0.6468 0.4041 -0.6468
vn -0.8454 0.4035 -0.3498
vn -0.8037 0.4934 -0.3326
vn -0.8454 0.4035 -0.3498
vn -0.6468 0.4041 -0.6468
vn -0.6657 0.3374 -0.6657
vn -0.6657 0.3374 -0.6657
vn -0.8700 0.3369 -0.3600
vn -0.8454 0.4035 -0.3498
vn -0.8700 0.3369 -0.3600
vn -0.6657 0.3374 -0.6657
vn -0.6919 0.2061 -0.6919
vn -0.6919 0.2061 -0.6919
vn -0.9042 0.2058 -0.3743
vn -0.8700 0.3369 -0.3600
vn -0.9042 0.2058 -0.3743
vn -0.6919 0.2061 -0.6919
vn -0.7055 -0.0665 -0.7055
vn -0.7055 -0.0665 -0.7055
vn -0.9219 -0.0664 -0.3818
vn -0.9042 0.2058 -0.3743
vn -0.6148 0.4940 -0.6148
vn -0.3326 0.4934 -0.8037
vn -0.3498 0.4035 -0.8454
vn -0.3498 0.4035 -0.8454
vn -0.6468 0.4041 -0.6468
vn -0.6148 0.4940 -0.6148
vn -0.6468 0.4041 -0.6468
vn -0.3498 0.4035 -0.8454
vn -0.3600 0.3369 -0.8700
vn -0.3600 0.3369 -0.8700
vn -0.6657 0.3374 -0.6657
vn -0.6468 0.4041 -0.6468
vn -0.6657 0.3374 -0.6657
vn -0.3600 0.3369 -0.8700
vn -0.3743 0.2058 -0.9042
vn -0.3743 0.2058 -0.9042
vn -0.6919 0.2061 -0.6919
vn -0.6657 0.3374 -0.6657
vn -0.6919 0.2061 -0.6919
vn -0.3743 0.2058 -0.9042
vn -0.3818 -0.0664 -0.9219
vn -0.3818 -0.0664 -0.9219
vn -0.7055 -0.0665 -0.7055
vn -0.6919 0.2061 -0.6919
vn -0.3326 0.4934 -0.8037
vn 0.0000 0.4925 -0.8703
vn 0.0000 0.4027 -0.9153
vn 0.0000 0.4027 -0.9153
vn -0.3498 0.4035 -0.8454
vn -0.3326 0.4934 -0.8037
vn -0.3498 0.4035 -0.8454
vn 0.0000 0.4027 -0.9153
vn 0.0000 0.3362 -0.9418
vn 0.0000 0.3362 -0.9418
vn -0.3600 0.3369 -0.8700
vn -0.3498 0.4035 -0.8454
vn -0.3600 0.3369 -0.8700
vn 0.0000 0.3362 -0.9418
vn -0.0000 0.2053 -0.9787
vn -0.0000 0.2053 -0.9787
vn -0.3743 0.2058 -0.9042
vn -0.3600 0.3369 -0.8700
vn -0.3743 0.2058 -0.9042
vn -0.0000 0.2053 -0.9787
vn 0.0000 -0.0662 -0.9978
vn 0.0000 -0.0662 -0.9978
vn -0.3818 -0.0664 -0.9219
vn -0.3743 0.2058 -0.9042
vn 0.0000 0.4925 -0.8703
vn 0.3326 0.4934 -0.8037
vn 0.3498 0.4035 -0.8454
vn 0.3498 0.4035 -0.8454
vn 0.0000 0.4027 -0.9153
vn 0.0000 0.4925 -0.8703
vn 0.0000 0.4027 -0.9153
vn 0.3498 0.4035 -0.8454
vn 0.3600 0.3369 -0.8700
vn 0.3600 0.3369 -0.8700
vn 0.0000 0.3362 -0.9418
vn 0.0000 0.4027 -0.9153
vn 0.0000 0.3362 -0.9418
vn 0.3600 0.3369 -0.8700
vn 0.3743 0.2058 -0.9042
vn 0.3743 0.2058 -0.9042
vn -0.0000 0.2053 -0.9787
vn 0.0000 0.3362 -0.9418
vn -0.0000 0.2053 -0.9787
vn 0.3743 0.2058 -0.9042
vn 0.3818 -0.0664 -0.9219
vn 0.3818 -0.0664 -0.9219
vn 0.0000 -0.0662 -0.9978
vn -0.0000 0.2053 -0.9787
vn 0.3326 0.4934 -0.8037
vn 0.6148 0.4940 -0.6148
vn 0.6468 0.4041 -0.6468
vn 0.6468 0.4041 -0.6468
vn 0.3498 0.4035 -0.8454
vn 0.3326 0.4934 -0.8037
vn 0.3498 0.4035 -0.8454
vn 0.6468 0.4041 -0.6468
vn 0.6657 0.3374 -0.6657
vn 0.6657 0.3374 -0.6657
vn 0.3600 0.3369 -0.8700
vn 0.3498 0.4035 -0.8454
vn 0.3600 0.3369 -0.8700
vn 0.6657 0.3374 -0.6657
vn 0.6919 0.2061 -0.6919
vn 0.6919 0.2061 -0.6919
vn 0.3743 0.2058 -0.9042
vn 0.3600 0.3369 -0.8700
vn 0.3743 0.2058 -0.9042
vn 0.6919 0.2061 -0.6919
vn 0.7055 -0.0665 -0.7055
vn 0.7055 -0.0665 -0.7055
vn 0.3818 -0.0664 -0.9219
vn 0.3743 0.2058 -0.9042
vn 0.6148 0.4940 -0.6148
vn 0.8037 0.4934 -0.3326
vn 0.8454 0.4035 -0.3498
vn 0.8454 0.4035 -0.3498
vn 0.6468 0.4041 -0.6468
vn 0.6148 0.4940 -0.6148
vn 0.6468 0.4041 -0.6468
vn 0.8454 0.4035 -0.3498
vn 0.8700 0.3369 -0.3600
vn 0.8700 0.3369 -0.3600
vn 0.6657 0.3374 -0.6657
vn 0.6468 0.4041 -0.6468
vn 0.6657 0.3374 -0.6657
vn 0.8700 0.3369 -0.3600
vn 0.9042 0.2058 -0.3743
vn 0.9042 0.2058 -0.3743
vn 0.6919 0.2061 -0.6919
vn 0.6657 0.3374 -0.6657
vn 0.6919 0.2061 -0.6919
vn 0.9042 0.2058 -0.3743
vn 0.9219 -0.0664 -0.3818
vn 0.9219 -0.0664 -0.3818
vn 0.7055 -0.0665 -0.7055
vn 0.6919 0.2061 -0.6919
vn 0.8037 0.4934 -0.3326
vn 0.8703 0.4925 0.0000
vn 0.9153 0.4027 0.0000
vn 0.9153 0.4027 0.0000
vn 0.8454 0.4035 -0.3498
vn 0.8037 0.4934 -0.3326
vn 0.8454 0.4035 -0.3498
vn 0.9153 0.4027 0.0000
vn 0.9418 0.3362 0.0000
vn 0.9418 0.3362 0.0000
vn 0.8700 0.3369 -0.3600
vn 0.8454 0.4035 -0.3498
vn 0.8700 0.3369 -0.3600
vn 0.9418 0.3362 0.0000
vn 0.9787 0.2053 -0.0000
vn 0.9787 0.2053 -0.0000
vn 0.9042 0.2058 -0.3743
vn 0.8700 0.3369 -0.3600
vn 0.9042 0.2058 -0.3743
vn 0.9787 0.2053 -0.0000
vn 0.9978 -0.0662 0.0000
vn 0.9978 -0.0662 0.0000
vn 0.9219 -0.0664 -0.3818
vn 0.9042 0.2058 -0.3743
vn 0.9978 -0.0662 0.0000
vn 0.9219 -0.0664 0.3818
vn 0.8314 -0.4362 0.3442
vn 0.8314 -0.4362 0.3442
vn 0.9002 -0.4355 0.0000
vn 0.9978 -0.0662 0.0000
vn 0.9002 -0.4355 0.0000
vn 0.8314 -0.4362 0.3442
vn 0.6735 -0.6847 0.2786
vn 0.6735 -0.6847 0.2786
vn 0.7296 -0.6839 -0.0000
vn 0.9002 -0.4355 0.0000
vn 0.7296 -0.6839 -0.0000
vn 0.6735 -0.6847 0.2786
vn 0.6404 -0.7209 0.2649
vn 0.6404 -0.7209 0.2649
vn 0.6940 -0.7200 0.0000
vn 0.7296 -0.6839 -0.0000
vn 0.6940 -0.7200 0.0000
vn 0.6404 -0.7209 0.2649
vn 0.7329 -0.6090 0.3032
vn 0.7329 -0.6090 0.3032
vn 0.7939 -0.6080 0.0000
vn 0.6940 -0.7200 0.0000
vn 0.9219 -0.0664 0.3818
vn 0.7055 -0.0665 0.7055
vn 0.6361 -0.4368 0.6361
vn 0.6361 -0.4368 0.6361
vn 0.8314 -0.4362 0.3442
vn 0.9219 -0.0664 0.3818
vn 0.8314 -0.4362 0.3442
vn 0.6361 -0.4368 0.6361
vn 0.5150 -0.6853 0.5150
vn 0.5150 -0.6853 0.5150
vn 0.6735 -0.6847 0.2786
vn 0.8314 -0.4362 0.3442
vn 0.6735 -0.6847 0.2786
vn 0.5150 -0.6853 0.5150
vn 0.4897 -0.7214 0.4897
vn 0.4897 -0.7214 0.4897
vn 0.6404 -0.7209 0.2649
vn 0.6735 -0.6847 0.2786
vn 0.6404 -0.7209 0.2649
vn 0.4897 -0.7214 0.4897
vn 0.5606 -0.6096 0.5606
vn 0.5606 -0.6096 0.5606
vn 0.7329 -0.6090 0.3032
vn 0.6404 -0.7209 0.2649
vn 0.7055 -0.0665 0.7055
vn 0.3818 -0.0664 0.9219
vn 0.3442 -0.4362 0.8314
vn 0.3442 -0.4362 0.8314
vn 0.6361 -0.4368 0.6361
vn 0.7055 -0.0665 0.7055
vn 0.6361 -0.4368 0.6361
vn 0.3442 -0.4362 0.8314
vn 0.2786 -0.6847 0.6735
vn 0.2786 -0.6847 0.6735
vn 0.5150 -0.6853 0.5150
vn 0.6361 -0.4368 0.6361
vn 0.5150 -0.6853 0.5150
vn 0.2786 -0.6847 0.6735
vn 0.2649 -0.7209 0.6404
vn 0.2649 -0.7209 0.6404
vn 0.4897 -0.7214 0.4897
vn 0.5150 -0.6853 0.5150
vn 0.4897 -0.7214 0.4897
vn 0.2649 -0.7209 0.6404
vn 0.3032 -0.6090 0.7329
vn 0.3032 -0.6090 0.7329
vn 0.5606 -0.6096 0.5606
vn 0.4897 -0.7214 0.4897
vn 0.3818 -0.0664 0.9219
vn -0.0000 -0.0662 0.9978
vn -0.0000 -0.4355 0.9002
vn -0.0000 -0.4355 0.9002
vn 0.3442 -0.4362 0.8314
vn 0.3818 -0.0664 0.9219
vn 0.3442 -0.4362 0.8314
vn -0.0000 -0.4355 0.9002
vn 0.0000 -0.6839 0.7296
vn 0.0000 -0.6839 0.7296
vn 0.2786 -0.6847 0.6735
vn 0.3442 -0.4362 0.8314
vn 0.2786 -0.6847 0.6735
vn 0.0000 -0.6839 0.7296
vn -0.0000 -0.7200 0.6940
vn -0.0000 -0.7200 0.6940
vn 0.2649 -0.7209 0.6404
vn 0.2786 -0.6847 0.6735
vn 0.2649 -0.7209 0.6404
vn -0.0000 -0.7200 0.6940
vn -0.0000 -0.6080 0.7939
vn -0.0000 -0.6080 0.7939
vn 0.3032 -0.6090 0.7329
vn 0.2649 -0.7209 0.6404
vn -0.0000 -0.0662 0.9978
vn -0.3818 -0.0664 0.9219
vn -0.3442 -0.4362 0.8314
vn -0.3442 -0.4362 0.8314
vn -0.0000 -0.4355 0.9002
vn -0.0000 -0.0662 0.9978
vn -0.0000 -0.4355 0.9002
vn -0.3442 -0.4362 0.8314
vn -0.2786 -0.6847 0.6735
vn -0.2786 -0.6847 0.6735
vn 0.0000 -0.6839 0.7296
vn -0.0000 -0.4355 0.9002
vn 0.0000 -0.6839 0.7296
vn -0.2786 -0.6847 0.6735
vn -0.2649 -0.7209 0.6404
vn -0.2649 -0.7209 0.6404
vn -0.0000 -0.7200 0.6940
vn 0.0000 -0.6839 0.7296
vn -0.0000 -0.7200 0.6940
vn -0.2649 -0.7209 0.6404
vn -0.3032 -0.6090 0.7329
vn -0.3032 -0.6090 0.7329
vn -0.0000 -0.6080 0.7939
vn -0.0000 -0.7200 0.6940
vn -0.3818 -0.0664 0.9219
vn -0.7055 -0.0665 0.7055
vn -0.6361 -0.4368 0.6361
vn -0.6361 -0.4368 0.6361
vn -0.3442 -0.4362 0.8314
vn -0.3818 -0.0664 0.9219
vn -0.3442 -0.4362 0.8314
vn -0.6361 -0.4368 0.6361
vn -0.5150 -0.6853 0.5150
vn -0.5150 -0.6853 0.5150
vn -0.2786 -0.6847 0.6735
vn -0.3442 -0.4362 0.8314
vn -0.2786 -0.6847 0.6735
vn -0.5150 -0.6853 0.5150
vn -0.4897 -0.7214 0.4897
vn -0.4897 -0.7214 0.4897
vn -0.2649 -0.7209 0.6404
vn -0.2786 -0.6847 0.6735
vn -0.2649 -0.7209 0.6404
vn -0.4897 -0.7214 0.4897
vn -0.5606 -0.6096 0.5606
vn -0.5606 -0.6096 0.5606
vn -0.3032 -0.6090 0.7329
vn -0.2649 -0.7209 0.6404
vn -0.7055 -0.0665 0.7055
vn -0.9219 -0.0664 0.3818
vn -0.8314 -0.4362 0.3442
vn -0.8314 -0.4362 0.3442
vn -0.6361 -0.4368 0.6361
vn -0.7055 -0.0665 0.7055
vn -0.6361 -0.4368 0.6361
vn -0.8314 -0.4362 0.3442
vn -0.6735 -0.6847 0.2786
vn -0.6735 -0.6847 0.2786
vn -0.5150 -0.6853 0.5150
vn -0.6361 -0.4368 0.6361
vn -0.5150 -0.6853 0.5150
vn -0.6735 -0.6847 0.2786
vn -0.6404 -0.7209 0.2649
vn -0.6404 -0.7209 0.2649
vn -0.4897 -0.7214 0.4897
vn -0.5150 -0.6853 0.5150
vn -0.4897 -0.7214 0.4897
vn -0.6404 -0.7209 0.2649
vn -0.7329 -0.6090 0.3032
vn -0.7329 -0.6090 0.3032
vn -0.5606 -0.6096 0.5606
vn -0.4897 -0.7214 0.4897
vn -0.9219 -0.0664 0.3818
vn -0.9978 -0.0662 -0.0000
vn -0.9002 -0.4355 -0.0000
vn -0.9002 -0.4355 -0.0000
vn -0.8314 -0.4362 0.3442
vn -0.9219 -0.0664 0.3818
vn -0.8314 -0.4362 0.3442
vn -0.9002 -0.4355 -0.0000
vn -0.7296 -0.6839 0.0000
vn -0.7296 -0.6839 0.0000
vn -0.6735 -0.6847 0.2786
vn -0.8314 -0.4362 0.3442
vn -0.6735 -0.6847 0.2786
vn -0.7296 -0.6839 0.0000
vn -0.6940 -0.7200 -0.0000
vn -0.6940 -0.7200 -0.0000
vn -0.6404 -0.7209 0.2649
vn -0.6735 -0.6847 0.2786
vn -0.6404 -0.7209 0.2649
vn -0.6940 -0.7200 -0.0000
vn -0.7939 -0.6080 -0.0000
vn -0.7939 -0.6080 -0.0000
vn -0.7329 -0.6090 0.3032
vn -0.6404 -0.7209 0.2649
vn -0.9978 -0.0662 -0.0000
vn -0.9219 -0.0664 -0.3818
vn -0.8314 -0.4362 -0.3442
vn -0.8314 -0.4362 -0.3442
vn -0.9002 -0.4355 -0.0000
vn -0.9978 -0.0662 -0.0000
vn -0.9002 -0.4355 -0.0000
vn -0.8314 -0.4362 -0.3442
vn -0.6735 -0.6847 -0.2786
vn -0.6735 -0.6847 -0.2786
vn -0.7296 -0.6839 0.0000
vn -0.9002 -0.4355 -0.0000
vn -0.7296 -0.6839 0.0000
vn -0.6735 -0.6847 -0.2786
vn -0.6404 -0.7209 -0.2649
vn -0.6404 -0.7209 -0.2649
vn -0.6940 -0.7200 -0.0000
vn -0.7296 -0.6839 0.0000
vn -0.6940 -0.7200 -0.0000
vn -0.6404 -0.7209 -0.2649
vn -0.7329 -0.6090 -0.3032
vn -0.7329 -0.6090 -0.3032
vn -0.7939 -0.6080 -0.0000
vn -0.6940 -0.7200 -0.0000
vn -0.9219 -0.0664 -0.3818
vn -0.7055 -0.0665 -0.7055
vn -0.6361 -0.4368 -0.6361
vn -0.6361 -0.4368 -0.6361
vn -0.8314 -0.4362 -0.3442
vn -0.9219 -0.0664 -0.3818
vn -0.8314 -0.4362 -0.3442
vn -0.6361 -0.4368 -0.6361
vn -0.5150 -0.6853 -0.5150
vn -0.5150 -0.6853 -0.5150
vn -0.6735 -0.6847 -0.2786
vn -0.8314 -0.4362 -0.3442
vn -0.6735 -0.6847 -0.2786
vn -0.5150 -0.6853 -0.5150
vn -0.4897 -0.7214 -0.4897
vn -0.4897 -0.7214 -0.4897
vn -0.6404 -0.7209 -0.2649
vn -0.6735 -0.6847 -0.2786
vn -0.6404 -0.7209 -0.2649
vn -0.4897 -0.7214 -0.4897
vn -0.5606 -0.6096 -0.5606
vn -0.5606 -0.6096 -0.5606
vn -0.7329 -0.6090 -0.3032
vn -0.6404 -0.7209 -0.2649
vn -0.7055 -0.0665 -0.7055
vn -0.3818 -0.0664 -0.9219
vn -0.3442 -0.4362 -0.8314
vn -0.3442 -0.4362 -0.8314
vn -0.6361 -0.4368 -0.6361
vn -0.7055 -0.0665 -0.7055
vn -0.6361 -0.4368 -0.6361
vn -0.3442 -0.4362 -0.8314
vn -0.2786 -0.6847 -0.6735
vn -0.2786 -0.6847 -0.6735
vn -0.5150 -0.6853 -0.5150
vn -0.6361 -0.4368 -0.6361
vn -0.5150 -0.6853 -0.5150
vn -0.2786 -0.6847 -0.6735
vn -0.2649 -0.7209 -0.6404
vn -0.2649 -0.7209 -0.6404
vn -0.4897 -0.7214 -0.4897
vn -0.5150 -0.6853 -0.5150
vn -0.4897 -0.7214 -0.4897
vn -0.2649 -0.7209 -0.6404
vn -0.3032 -0.6090 -0.7329
vn -0.3032 -0.6090 -0.7329
vn -0.5606 -0.6096 -0.5606
vn -0.4897 -0.7214 -0.4897
vn -0.3818 -0.0664 -0.9219
vn 0.0000 -0.0662 -0.9978
vn 0.0000 -0.4355 -0.9002
vn 0.0000 -0.4355 -0.9002
vn -0.3442 -0.4362 -0.8314
vn -0.3818 -0.0664 -0.9219
vn -0.3442 -0.4362 -0.8314
vn 0.0000 -0.4355 -0.9002
vn -0.0000 -0.6839 -0.7296
vn -0.0000 -0.6839 -0.7296
vn -0.2786 -0.6847 -0.6735
vn -0.3442 -0.4362 -0.8314
vn -0.2786 -0.6847 -0.6735
vn -0.0000 -0.6839 -0.7296
vn 0.0000 -0.7200 -0.6940
vn 0.0000 -0.7200 -0.6940
vn -0.2649 -0.7209 -0.6404
vn -0.2786 -0.6847 -0.6735
vn -0.2649 -0.7209 -0.6404
vn 0.0000 -0.7200 -0.6940
vn 0.0000 -0.6080 -0.7939
vn 0.0000 -0.6080 -0.7939
vn -0.3032 -0.6090 -0.7329
vn -0.2649 -0.7209 -0.6404
vn 0.0000 -0.0662 -0.9978
vn 0.3818 -0.0664 -0.9219
vn 0.3442 -0.4362 -0.8314
vn 0.3442 -0.4362 -0.8314
vn 0.0000 -0.4355 -0.9002
vn 0.0000 -0.0662 -0.9978
vn 0.0000 -0.4355 -0.9002
vn 0.3442 -0.4362 -0.8314
vn 0.2786 -0.6847 -0.6735
vn 0.2786 -0.6847 -0.6735
vn -0.0000 -0.6839 -0.7296
vn 0.0000 -0.4355 -0.9002
vn -0.0000 -0.6839 -0.7296
vn 0.2786 -0.6847 -0.6735
vn 0.2649 -0.7209 -0.6404
vn 0.2649 -0.7209 -0.6404
vn 0.0000 -0.7200 -0.6940
vn -0.0000 -0.6839 -0.7296
vn 0.0000 -0.7200 -0.6940
vn 0.2649 -0.7209 -0.6404
vn 0.3032 -0.6090 -0.7329
vn 0.3032 -0.6090 -0.7329
vn 0.0000 -0.6080 -0.7939
vn 0.0000 -0.7200 -0.6940
vn 0.3818 -0.0664 -0.9219
vn 0.7055 -0.0665 -0.7055
vn 0.6361 -0.4368 -0.6361
vn 0.6361 -0.4368 -0.6361
vn 0.3442 -0.4362 -0.8314
vn 0.3818 -0.0664 -0.9219
vn 0.3442 -0.4362 -0.8314
vn 0.6361 -0.4368 -0.6361
vn 0.5150 -0.6853 -0.5150
vn 0.5150 -0.6853 -0.5150
vn 0.2786 -0.6847 -0.6735
vn 0.3442 -0.4362 -0.8314
vn 0.2786 -0.6847 -0.6735
vn 0.5150 -0.6853 -0.5150
vn 0.4897 -0.7214 -0.4897
vn 0.4897 -0.7214 -0.4897
vn 0.2649 -0.7209 -0.6404
vn 0.2786 -0.6847 -0.6735
vn 0.2649 -0.7209 -0.6404
vn 0.4897 -0.7214 -0.4897
vn 0.5606 -0.6096 -0.5606
vn 0.5606 -0.6096 -0.5606
vn 0.3032 -0.6090 -0.7329
vn 0.2649 -0.7209 -0.6404
vn 0.7055 -0.0665 -0.7055
vn 0.9219 -0.0664 -0.3818
vn 0.8314 -0.4362 -0.3442
vn 0.8314 -0.4362 -0.3442
vn 0.6361 -0.4368 -0.6361
vn 0.7055 -0.0665 -0.7055
vn 0.6361 -0.4368 -0.6361
vn 0.8314 -0.4362 -0.3442
vn 0.6735 -0.6847 -0.2786
vn 0.6735 -0.6847 -0.2786
vn 0.5150 -0.6853 -0.5150
vn 0.6361 -0.4368 -0.6361
vn 0.5150 -0.6853 -0.5150
vn 0.6735 -0.6847 -0.2786
vn 0.6404 -0.7209 -0.2649
vn 0.6404 -0.7209 -0.2649
vn 0.4897 -0.7214 -0.4897
vn 0.5150 -0.6853 -0.5150
vn 0.4897 -0.7214 -0.4897
vn 0.6404 -0.7209 -0.2649
vn 0.7329 -0.6090 -0.3032
vn 0.7329 -0.6090 -0.3032
vn 0.5606 -0.6096 -0.5606
vn 0.4897 -0.7214 -0.4897
vn 0.9219 -0.0664 -0.3818
vn 0.9978 -0.0662 0.0000
vn 0.9002 -0.4355 0.0000
vn 0.9002 -0.4355 0.0000
vn 0.8314 -0.4362 -0.3442
vn 0.9219 -0.0664 -0.3818
vn 0.8314 -0.4362 -0.3442
vn 0.9002 -0.4355 0.0000
vn 0.7296 -0.6839 -0.0000
vn 0.7296 -0.6839 -0.0000
vn 0.6735 -0.6847 -0.2786
vn 0.8314 -0.4362 -0.3442
vn 0.6735 -0.6847 -0.2786
vn 0.7296 -0.6839 -0.0000
vn 0.6940 -0.7200 0.0000
vn 0.6940 -0.7200 0.0000
vn 0.6404 -0.7209 -0.2649
vn 0.6735 -0.6847 -0.2786
vn 0.6404 -0.7209 -0.2649
vn 0.6940 -0.7200 0.0000
vn 0.7939 -0.6080 0.0000
vn 0.7939 -0.6080 0.0000
vn 0.7329 -0.6090 -0.3032
vn 0.6404 -0.7209 -0.2649
vn 0.7939 -0.6080 0.0000
vn 0.7329 -0.6090 0.3032
vn 0.5762 -0.7818 0.2382
vn 0.5762 -0.7818 0.2382
vn 0.6239 -0.7815 -0.0000
vn 0.7939 -0.6080 0.0000
vn 0.6239 -0.7815 -0.0000
vn 0.5762 -0.7818 0.2382
vn 0.1636 -0.9842 0.0675
vn 0.1636 -0.9842 0.0675
vn 0.1773 -0.9842 -0.0000
vn 0.6239 -0.7815 -0.0000
vn 0.1773 -0.9842 -0.0000
vn 0.1636 -0.9842 0.0675
vn 0.0454 -0.9988 0.0187
vn 0.0454 -0.9988 0.0187
vn 0.0492 -0.9988 -0.0000
vn 0.1773 -0.9842 -0.0000
vn 0.0492 -0.9988 -0.0000
vn 0.0454 -0.9988 0.0187
vn -0.0000 -1.0000 -0.0000
vn -0.0000 -1.0000 -0.0000
vn -0.0000 -1.0000 -0.0000
vn 0.0492 -0.9988 -0.0000
vn 0.7329 -0.6090 0.3032
vn 0.5606 -0.6096 0.5606
vn 0.4404 -0.7823 0.4404
vn 0.4404 -0.7823 0.4404
vn 0.5762 -0.7818 0.2382
vn 0.7329 -0.6090 0.3032
vn 0.5762 -0.7818 0.2382
vn 0.4404 -0.7823 0.4404
vn 0.1249 -0.9843 0.1249
vn 0.1249 -0.9843 0.1249
vn 0.1636 -0.9842 0.0675
vn 0.5762 -0.7818 0.2382
vn 0.1636 -0.9842 0.0675
vn 0.1249 -0.9843 0.1249
vn 0.0347 -0.9988 0.0347
vn 0.0347 -0.9988 0.0347
vn 0.0454 -0.9988 0.0187
vn 0.1636 -0.9842 0.0675
vn 0.0454 -0.9988 0.0187
vn 0.0347 -0.9988 0.0347
vn -0.0000 -1.0000 -0.0000
vn -0.0000 -1.0000 -0.0000
vn -0.0000 -1.0000 -0.0000
vn 0.0454 -0.9988 0.0187
vn 0.5606 -0.6096 0.5606
vn 0.3032 -0.6090 0.7329
vn 0.2382 -0.7818 0.5762
vn 0.2382 -0.7818 0.5762
vn 0.4404 -0.7823 0.4404
vn 0.5606 -0.6096 0.5606
vn 0.4404 -0.7823 0.4404
vn 0.2382 -0.7818 0.5762
vn 0.0675 -0.9842 0.1636
vn 0.0675 -0.9842 0.1636
vn 0.1249 -0.9843 0.1249
vn 0.4404 -0.7823 0.4404
vn 0.1249 -0.9843 0.1249
vn 0.0675 -0.9842 0.1636
vn 0.0187 -0.9988 0.0454
vn 0.0187 -0.9988 0.0454
vn 0.0347 -0.9988 0.0347
vn 0.1249 -0.9843 0.1249
vn 0.0347 -0.9988 0.0347
vn 0.0187 -0.9988 0.0454
vn -0.0000 -1.0000 -0.0000
vn -0.0000 -1.0000 -0.0000
vn -0.0000 -1.0000 -0.0000
vn 0.0347 -0.9988 0.0347
vn 0.3032 -0.6090 0.7329
vn -0.0000 -0.6080 0.7939
vn 0.0000 -0.7815 0.6239
vn 0.0000 -0.7815 0.6239
vn 0.2382 -0.7818 0.5762
vn 0.3032 -0.6090 0.7329
vn 0.2382 -0.7818 0.5762
vn 0.0000 -0.7815 0.6239
vn 0.0000 -0.9842 0.1773
vn 0.0000 -0.9842 0.1773
vn 0.0675 -0.9842 0.1636
vn 0.2382 -0.7818 0.5762
vn 0.0675 -0.9842 0.1636
vn 0.0000 -0.9842 0.1773
vn 0.0000 -0.9988 0.0492
vn 0.0000 -0.9988 0.0492
vn 0.0187 -0.9988 0.0454
vn 0.0675 -0.9842 0.1636
vn 0.0187 -0.9988 0.0454
vn 0.0000 -0.9988 0.0492
vn -0.0000 -1.0000 -0.0000
vn -0.0000 -1.0000 -0.0000
vn -0.0000 -1.0000 -0.0000
vn 0.0187 -0.9988 0.0454
vn -0.0000 -0.6080 0.7939
vn -0.3032 -0.6090 0.7329
vn -0.2382 -0.7818 0.5762
vn -0.2382 -0.7818 0.5762
vn 0.0000 -0.7815 0.6239
vn -0.0000 -0.6080 0.7939
vn 0.0000 -0.7815 0.6239
vn -0.2382 -0.7818 0.5762
vn -0.0675 -0.9842 0.1636
vn -0.0675 -0.9842 0.1636
vn 0.0000 -0.9842 0.1773
vn 0.0000 -0.7815 0.6239
vn 0.0000 -0.9842 0.1773
vn -0.0675 -0.9842 0.1636
vn -0.0187 -0.9988 0.0454
vn -0.0187 -0.9988 0.0454
vn 0.0000 -0.9988 0.0492
vn 0.0000 -0.9842 0.1773
vn 0.0000 -0.9988 0.0492
vn -0.0187 -0.9988 0.0454
vn -0.0000 -1.0000 -0.0000
vn -0.0000 -1.0000 -0.0000
vn -0.0000 -1.0000 -0.0000
vn 0.0000 -0.9988 0.0492
vn -0.3032 -0.6090 0.7329
vn -0.5606 -0.6096 0.5606
vn -0.4404 -0.7823 0.4404
vn -0.4404 -0.7823 0.4404
vn -0.2382 -0.7818 0.5762
vn -0.3032 -0.6090 0.7329
vn -0.2382 -0.7818 0.5762
vn -0.4404 -0.7823 0.4404
vn -0.1249 -0.9843 0.1249
vn -0.1249 -0.9843 0.1249
vn -0.0675 -0.9842 0.1636
vn -0.2382 -0.7818 0.5762
vn -0.0675 -0.9842 0.1636
vn -0.1249 -0.9843 0.1249
vn -0.0347 -0.9988 0.0347
vn -0.0347 -0.9988 0.0347
vn -0.0187 -0.9988 0.0454
vn -0.0675 -0.9842 0.1636
vn -0.0187 -0.9988 0.0454
vn -0.0347 -0.9988 0.0347
vn -0.0000 -1.0000 -0.0000
vn -0.0000 -1.0000 -0.0000
vn -0.0000 -1.0000 -0.0000
vn -0.0187 -0.9988 0.0454
vn -0.5606 -0.6096 0.5606
vn -0.7329 -0.6090 0.3032
vn -0.5762 -0.7818 0.2382
vn -0.5762 -0.7818 0.2382
vn -0.4404 -0.7823 0.4404
vn -0.5606 -0.6096 0.5606
vn -0.4404 -0.7823 0.4404
vn -0.5762 -0.7818 0.2382
vn -0.1636 -0.9842 0.0675
vn -0.1636 -0.9842 0.0675
vn -0.1249 -0.9843 0.1249
vn -0.4404 -0.7823 0.4404
vn -0.1249 -0.9843 0.1249
vn -0.1636 -0.9842 0.0675
vn -0.0454 -0.9988 0.0187
vn -0.0454 -0.9988 0.0187
vn -0.0347 -0.9988 0.0347
vn -0.1249 -0.9843 0.1249
vn -0.0347 -0.9988 0.0347
vn -0.0454 -0.9988 0.0187
vn -0.0000 -1.0000 -0.0000
vn -0.0000 -1.0000 -0.0000
vn -0.0000 -1.0000 -0.0000
vn -0.0347 -0.9988 0.0347
vn -0.7329 -0.6090 0.3032
vn -0.7939 -0.6080 -0.0000
vn -0.6239 -0.7815 0.0000
vn -0.6239 -0.7815 0.0000
vn -0.5762 -0.7818 0.2382
vn -0.7329 -0.6090 0.3032
vn -0.5762 -0.7818 0.2382
vn -0.6239 -0.7815 0.0000
vn -0.1773 -0.9842 0.0000
vn -0.1773 -0.9842 0.0000
vn -0.1636 -0.9842 0.0675
vn -0.5762 -0.7818 0.2382
vn -0.1636 -0.9842 0.0675
vn -0.1773 -0.9842 0.0000
vn -0.0492 -0.9988 0.0000
vn -0.0492 -0.9988 0.0000
vn -0.0454 -0.9988 0.0187
vn -0.1636 -0.9842 0.0675
vn -0.0454 -0.9988 0.0187
vn -0.0492 -0.9988 0.0000
vn -0.0000 -1.0000 -0.0000
vn -0.0000 -1.0000 -0.0000
vn -0.0000 -1.0000 -0.0000
vn -0.0454 -0.9988 0.0187
vn -0.7939 -0.6080 -0.0000
vn -0.7329 -0.6090 -0.3032
vn -0.5762 -0.7818 -0.2382
vn -0.5762 -0.7818 -0.2382
vn -0.6239 -0.7815 0.0000
vn -0.7939 -0.6080 -0.0000
vn -0.6239 -0.7815 0.0000
vn -0.5762 -0.7818 -0.2382
vn -0.1636 -0.9842 -0.0675
vn -0.1636 -0.9842 -0.0675
vn -0.1773 -0.9842 0.0000
vn -0.6239 -0.7815 0.0000
vn -0.1773 -0.9842 0.0000
vn -0.1636 -0.9842 -0.0675
vn -0.0454 -0.9988 -0.0187
vn -0.0454 -0.9988 -0.0187
vn -0.0492 -0.9988 0.0000
vn -0.1773 -0.9842 0.0000
vn -0.0492 -0.9988 0.0000
vn -0.0454 -0.9988 -0.0187
vn -0.0000 -1.0000 -0.0000
vn -0.0000 -1.0000 -0.0000
vn -0.0000 -1.0000 -0.0000
vn -0.0492 -0.9988 0.0000
vn -0.7329 -0.6090 -0.3032
vn -0.5606 -0.6096 -0.5606
vn -0.4404 -0.7823 -0.4404
vn -0.4404 -0.7823 -0.4404
vn -0.5762 -0.7818 -0.2382
vn -0.7329 -0.6090 -0.3032
vn -0.5762 -0.7818 -0.2382
vn -0.4404 -0.7823 -0.4404
vn -0.1249 -0.9843 -0.1249
vn -0.1249 -0.9843 -0.1249
vn -0.1636 -0.9842 -0.0675
vn -0.5762 -0.7818 -0.2382
vn -0.1636 -0.9842 -0.0675
vn -0.1249 -0.9843 -0.1249
vn -0.0347 -0.9988 -0.0347
vn -0.0347 -0.9988 -0.0347
vn -0.0454 -0.9988 -0.0187
vn -0.1636 -0.9842 -0.0675
vn -0.0454 -0.9988 -0.0187
vn -0.0347 -0.9988 -0.0347
vn -0.0000 -1.0000 -0.0000
vn -0.0000 -1.0000 -0.0000
vn -0.0000 -1.0000 -0.0000
vn -0.0454 -0.9988 -0.0187
vn -0.5606 -0.6096 -0.5606
vn -0.3032 -0.6090 -0.7329
vn -0.2382 -0.7818 -0.5762
vn -0.2382 -0.7818 -0.5762
vn -0.4404 -0.7823 -0.4404
vn -0.5606 -0.6096 -0.5606
vn -0.4404 -0.7823 -0.4404
vn -0.2382 -0.7818 -0.5762
vn -0.0675 -0.9842 -0.1636
vn -0.0675 -0.9842 -0.1636
vn -0.1249 -0.9843 -0.1249
vn -0.4404 -0.7823 -0.4404
vn -0.1249 -0.9843 -0.1249
vn -0.0675 -0.9842 -0.1636
vn -0.0187 -0.9988 -0.0454
vn -0.0187 -0.9988 -0.0454
vn -0.0347 -0.9988 -0.0347
vn -0.1249 -0.9843 -0.1249
vn -0.0347 -0.9988 -0.0347
vn -0.0187 -0.9988 -0.0454
vn -0.0000 -1.0000 -0.0000
vn -0.0000 -1.0000 -0.0000
vn -0.0000 -1.0000 -0.0000
vn -0.0347 -0.9988 -0.0347
vn -0.3032 -0.6090 -0.7329
vn 0.0000 -0.6080 -0.7939
vn -0.0000 -0.7815 -0.6239
vn -0.0000 -0.7815 -0.6239
vn -0.2382 -0.7818 -0.5762
vn -0.3032 -0.6090 -0.7329
vn -0.2382 -0.7818 -0.5762
vn -0.0000 -0.7815 -0.6239
vn -0.0000 -0.9842 -0.1773
vn -0.0000 -0.9842 -0.1773
vn -0.0675 -0.9842 -0.1636
vn -0.2382 -0.7818 -0.5762
vn -0.0675 -0.9842 -0.1636
vn -0.0000 -0.9842 -0.1773
vn -0.0000 -0.9988 -0.0492
vn -0.0000 -0.9988 -0.0492
vn -0.0187 -0.9988 -0.0454
vn -0.0675 -0.9842 -0.1636
vn -0.0187 -0.9988 -0.0454
vn -0.0000 -0.9988 -0.0492
vn -0.0000 -1.0000 -0.0000
vn -0.0000 -1.0000 -0.0000
vn -0.0000 -1.0000 -0.0000
vn -0.0187 -0.9988 -0.0454
vn 0.0000 -0.6080 -0.7939
vn 0.3032 -0.6090 -0.7329
vn 0.2382 -0.7818 -0.5762
vn 0.2382 -0.7818 -0.5762
vn -0.0000 -0.7815 -0.6239
vn 0.0000 -0.6080 -0.7939
vn -0.0000 -0.7815 -0.6239
vn 0.2382 -0.7818 -0.5762
vn 0.0675 -0.9842 -0.1636
vn 0.0675 -0.9842 -0.1636
vn -0.0000 -0.9842 -0.1773
vn -0.0000 -0.7815 -0.6239
vn -0.0000 -0.9842 -0.1773
vn 0.0675 -0.9842 -0.1636
vn 0.0187 -0.9988 -0.0454
vn 0.0187 -0.9988 -0.0454
vn -0.0000 -0.9988 -0.0492
vn -0.0000 -0.9842 -0.1773
vn -0.0000 -0.9988 -0.0492
vn 0.0187 -0.9988 -0.0454
vn -0.0000 -1.0000 -0.0000
vn -0.0000 -1.0000 -0.0000
vn -0.0000 -1.0000 -0.0000
vn -0.0000 -0.9988 -0.0492
vn 0.3032 -0.6090 -0.7329
vn 0.5606 -0.6096 -0.5606
vn 0.4404 -0.7823 -0.4404
vn 0.4404 -0.7823 -0.4404
vn 0.2382 -0.7818 -0.5762
vn 0.3032 -0.6090 -0.7329
vn 0.2382 -0.7818 -0.5762
vn 0.4404 -0.7823 -0.4404
vn 0.1249 -0.9843 -0.1249
vn 0.1249 -0.9843 -0.1249
vn 0.0675 -0.9842 -0.1636
vn 0.2382 -0.7818 -0.5762
vn 0.0675 -0.9842 -0.1636
vn 0.1249 -0.9843 -0.1249
vn 0.0347 -0.9988 -0.0347
vn 0.0347 -0.9988 -0.0347
vn 0.0187 -0.9988 -0.0454
vn 0.0675 -0.9842 -0.1636
vn 0.0187 -0.9988 -0.0454
vn 0.0347 -0.9988 -0.0347
vn -0.0000 -1.0000 -0.0000
vn -0.0000 -1.0000 -0.0000
vn -0.0000 -1.0000 -0.0000
vn 0.0187 -0.9988 -0.0454
vn 0.5606 -0.6096 -0.5606
vn 0.7329 -0.6090 -0.3032
vn 0.5762 -0.7818 -0.2382
vn 0.5762 -0.7818 -0.2382
vn 0.4404 -0.7823 -0.4404
vn 0.5606 -0.6096 -0.5606
vn 0.4404 -0.7823 -0.4404
vn 0.5762 -0.7818 -0.2382
vn 0.1636 -0.9842 -0.0675
vn 0.1636 -0.9842 -0.0675
vn 0.1249 -0.9843 -0.1249
vn 0.4404 -0.7823 -0.4404
vn 0.1249 -0.9843 -0.1249
vn 0.1636 -0.9842 -0.0675
vn 0.0454 -0.9988 -0.0187
vn 0.0454 -0.9988 -0.0187
vn 0.0347 -0.9988 -0.0347
vn 0.1249 -0.9843 -0.1249
vn 0.0347 -0.9988 -0.0347
vn 0.0454 -0.9988 -0.0187
vn -0.0000 -1.0000 -0.0000
vn -0.0000 -1.0000 -0.0000
vn -0.0000 -1.0000 -0.0000
vn 0.0347 -0.9988 -0.0347
vn 0.7329 -0.6090 -0.3032
vn 0.7939 -0.6080 0.0000
vn 0.6239 -0.7815 -0.0000
vn 0.6239 -0.7815 -0.0000
vn 0.5762 -0.7818 -0.2382
vn 0.7329 -0.6090 -0.3032
vn 0.5762 -0.7818 -0.2382
vn 0.6239 -0.7815 -0.0000
vn 0.1773 -0.9842 -0.0000
vn 0.1773 -0.9842 -0.0000
vn 0.1636 -0.9842 -0.0675
vn 0.5762 -0.7818 -0.2382
vn 0.1636 -0.9842 -0.0675
vn 0.1773 -0.9842 -0.0000
vn 0.0492 -0.9988 -0.0000
vn 0.0492 -0.9988 -0.0000
vn 0.0454 -0.9988 -0.0187
vn 0.1636 -0.9842 -0.0675
vn 0.0454 -0.9988 -0.0187
vn 0.0492 -0.9988 -0.0000
vn -0.0000 -1.0000 -0.0000
vn -0.0000 -1.0000 -0.0000
vn -0.0000 -1.0000 -0.0000
vn 0.0454 -0.9988 -0.0187
vn 0.0078 -1.0000 -0.0002
vn 0.0070 -0.8125 0.5829
vn 0.0361 -0.8373 0.5456
vn 0.0361 -0.8373 0.5456
vn 0.0391 -0.9992 -0.0010
vn 0.0078 -1.0000 -0.0002
vn 0.0391 -0.9992 -0.0010
vn 0.0361 -0.8373 0.5456
vn 0.1618 -0.8104 0.5630
vn 0.1618 -0.8104 0.5630
vn 0.1795 -0.9837 -0.0044
vn 0.0391 -0.9992 -0.0010
vn 0.1795 -0.9837 -0.0044
vn 0.1618 -0.8104 0.5630
vn 0.4824 -0.5951 0.6427
vn 0.4824 -0.5951 0.6427
vn 0.6123 -0.7906 -0.0105
vn 0.1795 -0.9837 -0.0044
vn 0.6123 -0.7906 -0.0105
vn 0.4824 -0.5951 0.6427
vn 0.7387 -0.1146 0.6642
vn 0.7387 -0.1146 0.6642
vn 0.9862 -0.1657 -0.0067
vn 0.6123 -0.7906 -0.0105
vn 0.0070 -0.8125 0.5829
vn -0.0019 0.1621 0.9868
vn 0.0028 0.0171 0.9998
vn 0.0028 0.0171 0.9998
vn 0.0361 -0.8373 0.5456
vn 0.0070 -0.8125 0.5829
vn 0.0361 -0.8373 0.5456
vn 0.0028 0.0171 0.9998
vn 0.0105 0.0734 0.9972
vn 0.0105 0.0734 0.9972
vn 0.1618 -0.8104 0.5630
vn 0.0361 -0.8373 0.5456
vn 0.1618 -0.8104 0.5630
vn 0.0105 0.0734 0.9972
vn -0.0660 0.1301 0.9893
vn -0.0660 0.1301 0.9893
vn 0.4824 -0.5951 0.6427
vn 0.1618 -0.8104 0.5630
vn 0.4824 -0.5951 0.6427
vn -0.0660 0.1301 0.9893
vn -0.0944 0.0166 0.9954
vn -0.0944 0.0166 0.9954
vn 0.7387 -0.1146 0.6642
vn 0.4824 -0.5951 0.6427
vn -0.0019 0.1621 0.9868
vn -0.0092 0.8715 0.4903
vn -0.0486 0.8406 0.5395
vn -0.0486 0.8406 0.5395
vn 0.0028 0.0171 0.9998
vn -0.0019 0.1621 0.9868
vn 0.0028 0.0171 0.9998
vn -0.0486 0.8406 0.5395
vn -0.2233 0.8029 0.5527
vn -0.2233 0.8029 0.5527
vn 0.0105 0.0734 0.9972
vn 0.0028 0.0171 0.9998
vn 0.0105 0.0734 0.9972
vn -0.2233 0.8029 0.5527
vn -0.5964 0.5600 0.5751
vn -0.5964 0.5600 0.5751
vn -0.0660 0.1301 0.9893
vn 0.0105 0.0734 0.9972
vn -0.0660 0.1301 0.9893
vn -0.5964 0.5600 0.5751
vn -0.8033 0.0682 0.5916
vn -0.8033 0.0682 0.5916
vn -0.0944 0.0166 0.9954
vn -0.0660 0.1301 0.9893
vn -0.0092 0.8715 0.4903
vn -0.0106 0.9999 0.0001
vn -0.0588 0.9983 0.0007
vn -0.0588 0.9983 0.0007
vn -0.0486 0.8406 0.5395
vn -0.0092 0.8715 0.4903
vn -0.0486 0.8406 0.5395
vn -0.0588 0.9983 0.0007
vn -0.2807 0.9598 0.0033
vn -0.2807 0.9598 0.0033
vn -0.2233 0.8029 0.5527
vn -0.0486 0.8406 0.5395
vn -0.2233 0.8029 0.5527
vn -0.2807 0.9598 0.0033
vn -0.7497 0.6617 0.0043
vn -0.7497 0.6617 0.0043
vn -0.5964 0.5600 0.5751
vn -0.2233 0.8029 0.5527
vn -0.5964 0.5600 0.5751
vn -0.7497 0.6617 0.0043
vn -0.9974 0.0727 0.0021
vn -0.9974 0.0727 0.0021
vn -0.8033 0.0682 0.5916
vn -0.5964 0.5600 0.5751
vn -0.0106 0.9999 0.0001
vn -0.0088 0.8715 -0.4903
vn -0.0465 0.8412 -0.5388
vn -0.0465 0.8412 -0.5388
vn -0.0588 0.9983 0.0007
vn -0.0106 0.9999 0.0001
vn -0.0588 0.9983 0.0007
vn -0.0465 0.8412 -0.5388
vn -0.2179 0.8068 -0.5492
vn -0.2179 0.8068 -0.5492
vn -0.2807 0.9598 0.0033
vn -0.0588 0.9983 0.0007
vn -0.2807 0.9598 0.0033
vn -0.2179 0.8068 -0.5492
vn -0.5973 0.5600 -0.5741
vn -0.5973 0.5600 -0.5741
vn -0.7497 0.6617 0.0043
vn -0.2807 0.9598 0.0033
vn -0.7497 0.6617 0.0043
vn -0.5973 0.5600 -0.5741
vn -0.8040 0.0629 -0.5913
vn -0.8040 0.0629 -0.5913
vn -0.9974 0.0727 0.0021
vn -0.7497 0.6617 0.0043
vn -0.0088 0.8715 -0.4903
vn -0.0018 0.1617 -0.9868
vn 0.0020 0.0146 -0.9999
vn 0.0020 0.0146 -0.9999
vn -0.0465 0.8412 -0.5388
vn -0.0088 0.8715 -0.4903
vn -0.0465 0.8412 -0.5388
vn 0.0020 0.0146 -0.9999
vn 0.0092 0.0601 -0.9982
vn 0.0092 0.0601 -0.9982
vn -0.2179 0.8068 -0.5492
vn -0.0465 0.8412 -0.5388
vn -0.2179 0.8068 -0.5492
vn 0.0092 0.0601 -0.9982
vn -0.0593 0.1139 -0.9917
vn -0.0593 0.1139 -0.9917
vn -0.5973 0.5600 -0.5741
vn -0.2179 0.8068 -0.5492
vn -0.5973 0.5600 -0.5741
vn -0.0593 0.1139 -0.9917
vn -0.0869 0.0123 -0.9961
vn -0.0869 0.0123 -0.9961
vn -0.8040 0.0629 -0.5913
vn -0.5973 0.5600 -0.5741
vn -0.0018 0.1617 -0.9868
vn 0.0064 -0.8124 -0.5831
vn 0.0338 -0.8375 -0.5454
vn 0.0338 -0.8375 -0.5454
vn 0.0020 0.0146 -0.9999
vn -0.0018 0.1617 -0.9868
vn 0.0020 0.0146 -0.9999
vn 0.0338 -0.8375 -0.5454
vn 0.1571 -0.8119 -0.5622
vn 0.1571 -0.8119 -0.5622
vn 0.0092 0.0601 -0.9982
vn 0.0020 0.0146 -0.9999
vn 0.0092 0.0601 -0.9982
vn 0.1571 -0.8119 -0.5622
vn 0.4844 -0.5894 -0.6465
vn 0.4844 -0.5894 -0.6465
vn -0.0593 0.1139 -0.9917
vn 0.0092 0.0601 -0.9982
vn -0.0593 0.1139 -0.9917
vn 0.4844 -0.5894 -0.6465
vn 0.7389 -0.1013 -0.6662
vn 0.7389 -0.1013 -0.6662
vn -0.0869 0.0123 -0.9961
vn -0.0593 0.1139 -0.9917
vn 0.0064 -0.8124 -0.5831
vn 0.0078 -1.0000 -0.0002
vn 0.0391 -0.9992 -0.0010
vn 0.0391 -0.9992 -0.0010
vn 0.0338 -0.8375 -0.5454
vn 0.0064 -0.8124 -0.5831
vn 0.0338 -0.8375 -0.5454
vn 0.0391 -0.9992 -0.0010
vn 0.1795 -0.9837 -0.0044
vn 0.1795 -0.9837 -0.0044
vn 0.1571 -0.8119 -0.5622
vn 0.0338 -0.8375 -0.5454
vn 0.1571 -0.8119 -0.5622
vn 0.1795 -0.9837 -0.0044
vn 0.6123 -0.7906 -0.0105
vn 0.6123 -0.7906 -0.0105
vn 0.4844 -0.5894 -0.6465
vn 0.1571 -0.8119 -0.5622
vn 0.4844 -0.5894 -0.6465
vn 0.6123 -0.7906 -0.0105
vn 0.9862 -0.1657 -0.0067
vn 0.9862 -0.1657 -0.0067
vn 0.7389 -0.1013 -0.6662
vn 0.4844 -0.5894 -0.6465
vn 0.9862 -0.1657 -0.0067
vn 0.7387 -0.1146 0.6642
vn 0.7256 0.2594 0.6374
vn 0.7256 0.2594 0.6374
vn 0.9465 0.3227 -0.0034
vn 0.9862 -0.1657 -0.0067
vn 0.9465 0.3227 -0.0034
vn 0.7256 0.2594 0.6374
vn 0.6459 0.4620 0.6077
vn 0.6459 0.4620 0.6077
vn 0.8258 0.5639 -0.0075
vn 0.9465 0.3227 -0.0034
vn 0.8258 0.5639 -0.0075
vn 0.6459 0.4620 0.6077
vn 0.5316 0.6367 0.5586
vn 0.5316 0.6367 0.5586
vn 0.6500 0.7599 -0.0069
vn 0.8258 0.5639 -0.0075
vn 0.6500 0.7599 -0.0069
vn 0.5316 0.6367 0.5586
vn 0.4250 0.6817 0.5955
vn 0.4250 0.6817 0.5955
vn 0.5324 0.8465 -0.0052
vn 0.6500 0.7599 -0.0069
vn 0.7387 -0.1146 0.6642
vn -0.0944 0.0166 0.9954
vn -0.0496 -0.0198 0.9986
vn -0.0496 -0.0198 0.9986
vn 0.7256 0.2594 0.6374
vn 0.7387 -0.1146 0.6642
vn 0.7256 0.2594 0.6374
vn -0.0496 -0.0198 0.9986
vn -0.0378 -0.0356 0.9986
vn -0.0378 -0.0356 0.9986
vn 0.6459 0.4620 0.6077
vn 0.7256 0.2594 0.6374
vn 0.6459 0.4620 0.6077
vn -0.0378 -0.0356 0.9986
vn -0.0379 -0.0365 0.9986
vn -0.0379 -0.0365 0.9986
vn 0.5316 0.6367 0.5586
vn 0.6459 0.4620 0.6077
vn 0.5316 0.6367 0.5586
vn -0.0379 -0.0365 0.9986
vn -0.1689 -0.2979 0.9395
vn -0.1689 -0.2979 0.9395
vn 0.4250 0.6817 0.5955
vn 0.5316 0.6367 0.5586
vn -0.0944 0.0166 0.9954
vn -0.8033 0.0682 0.5916
vn -0.7423 -0.2992 0.5995
vn -0.7423 -0.2992 0.5995
vn -0.0496 -0.0198 0.9986
vn -0.0944 0.0166 0.9954
vn -0.0496 -0.0198 0.9986
vn -0.7423 -0.2992 0.5995
vn -0.6196 -0.5294 0.5795
vn -0.6196 -0.5294 0.5795
vn -0.0378 -0.0356 0.9986
vn -0.0496 -0.0198 0.9986
vn -0.0378 -0.0356 0.9986
vn -0.6196 -0.5294 0.5795
vn -0.4837 -0.6858 0.5438
vn -0.4837 -0.6858 0.5438
vn -0.0379 -0.0365 0.9986
vn -0.0378 -0.0356 0.9986
vn -0.0379 -0.0365 0.9986
vn -0.4837 -0.6858 0.5438
vn -0.4453 -0.7944 0.4132
vn -0.4453 -0.7944 0.4132
vn -0.1689 -0.2979 0.9395
vn -0.0379 -0.0365 0.9986
vn -0.8033 0.0682 0.5916
vn -0.9974 0.0727 0.0021
vn -0.9265 -0.3763 0.0020
vn -0.9265 -0.3763 0.0020
vn -0.7423 -0.2992 0.5995
vn -0.8033 0.0682 0.5916
vn -0.7423 -0.2992 0.5995
vn -0.9265 -0.3763 0.0020
vn -0.7539 -0.6570 0.0043
vn -0.7539 -0.6570 0.0043
vn -0.6196 -0.5294 0.5795
vn -0.7423 -0.2992 0.5995
vn -0.6196 -0.5294 0.5795
vn -0.7539 -0.6570 0.0043
vn -0.5662 -0.8242 0.0035
vn -0.5662 -0.8242 0.0035
vn -0.4837 -0.6858 0.5438
vn -0.6196 -0.5294 0.5795
vn -0.4837 -0.6858 0.5438
vn -0.5662 -0.8242 0.0035
vn -0.4818 -0.8763 0.0019
vn -0.4818 -0.8763 0.0019
vn -0.4453 -0.7944 0.4132
vn -0.4837 -0.6858 0.5438
vn -0.9974 0.0727 0.0021
vn -0.8040 0.0629 -0.5913
vn -0.7447 -0.2944 -0.5990
vn -0.7447 -0.2944 -0.5990
vn -0.9265 -0.3763 0.0020
vn -0.9974 0.0727 0.0021
vn -0.9265 -0.3763 0.0020
vn -0.7447 -0.2944 -0.5990
vn -0.6219 -0.5281 -0.5782
vn -0.6219 -0.5281 -0.5782
vn -0.7539 -0.6570 0.0043
vn -0.9265 -0.3763 0.0020
vn -0.7539 -0.6570 0.0043
vn -0.6219 -0.5281 -0.5782
vn -0.4812 -0.6883 -0.5428
vn -0.4812 -0.6883 -0.5428
vn -0.5662 -0.8242 0.0035
vn -0.7539 -0.6570 0.0043
vn -0.5662 -0.8242 0.0035
vn -0.4812 -0.6883 -0.5428
vn -0.4381 -0.7970 -0.4157
vn -0.4381 -0.7970 -0.4157
vn -0.4818 -0.8763 0.0019
vn -0.5662 -0.8242 0.0035
vn -0.8040 0.0629 -0.5913
vn -0.0869 0.0123 -0.9961
vn -0.0443 -0.0171 -0.9989
vn -0.0443 -0.0171 -0.9989
vn -0.7447 -0.2944 -0.5990
vn -0.8040 0.0629 -0.5913
vn -0.7447 -0.2944 -0.5990
vn -0.0443 -0.0171 -0.9989
vn -0.0262 -0.0282 -0.9993
vn -0.0262 -0.0282 -0.9993
vn -0.6219 -0.5281 -0.5782
vn -0.7447 -0.2944 -0.5990
vn -0.6219 -0.5281 -0.5782
vn -0.0262 -0.0282 -0.9993
vn -0.0253 -0.0283 -0.9993
vn -0.0253 -0.0283 -0.9993
vn -0.4812 -0.6883 -0.5428
vn -0.6219 -0.5281 -0.5782
vn -0.4812 -0.6883 -0.5428
vn -0.0253 -0.0283 -0.9993
vn -0.1575 -0.2894 -0.9442
vn -0.1575 -0.2894 -0.9442
vn -0.4381 -0.7970 -0.4157
vn -0.4812 -0.6883 -0.5428
vn -0.0869 0.0123 -0.9961
vn 0.7389 -0.1013 -0.6662
vn 0.7282 0.2524 -0.6371
vn 0.7282 0.2524 -0.6371
vn -0.0443 -0.0171 -0.9989
vn -0.0869 0.0123 -0.9961
vn -0.0443 -0.0171 -0.9989
vn 0.7282 0.2524 -0.6371
vn 0.6471 0.4597 -0.6083
vn 0.6471 0.4597 -0.6083
vn -0.0262 -0.0282 -0.9993
vn -0.0443 -0.0171 -0.9989
vn -0.0262 -0.0282 -0.9993
vn 0.6471 0.4597 -0.6083
vn 0.5230 0.6407 -0.5622
vn 0.5230 0.6407 -0.5622
vn -0.0253 -0.0283 -0.9993
vn -0.0262 -0.0282 -0.9993
vn -0.0253 -0.0283 -0.9993
vn 0.5230 0.6407 -0.5622
vn 0.4100 0.6829 -0.6047
vn 0.4100 0.6829 -0.6047
vn -0.1575 -0.2894 -0.9442
vn -0.0253 -0.0283 -0.9993
vn 0.7389 -0.1013 -0.6662
vn 0.9862 -0.1657 -0.0067
vn 0.9465 0.3227 -0.0034
vn 0.9465 0.3227 -0.0034
vn 0.7282 0.2524 -0.6371
vn 0.7389 -0.1013 -0.6662
vn 0.7282 0.2524 -0.6371
vn 0.9465 0.3227 -0.0034
vn 0.8258 0.5639 -0.0075
vn 0.8258 0.5639 -0.0075
vn 0.6471 0.4597 -0.6083
vn 0.7282 0.2524 -0.6371
vn 0.6471 0.4597 -0.6083
vn 0.8258 0.5639 -0.0075
vn 0.6500 0.7599 -0.0069
vn 0.6500 0.7599 -0.0069
vn 0.5230 0.6407 -0.5622
vn 0.6471 0.4597 -0.6083
vn 0.5230 0.6407 -0.5622
vn 0.6500 0.7599 -0.0069
vn 0.5324 0.8465 -0.0052
vn 0.5324 0.8465 -0.0052
vn 0.4100 0.6829 -0.6047
vn 0.5230 0.6407 -0.5622
vn -0.2308 0.9730 -0.0065
vn -0.1529 0.6872 0.7102
vn -0.3167 0.6377 0.7021
vn -0.3167 0.6377 0.7021
vn -0.5489 0.8359 -0.0015
vn -0.2308 0.9730 -0.0065
vn -0.5489 0.8359 -0.0015
vn -0.3167 0.6377 0.7021
vn -0.6011 0.4715 0.6453
vn -0.6011 0.4715 0.6453
vn -0.8757 0.4828 0.0099
vn -0.5489 0.8359 -0.0015
vn -0.8757 0.4828 0.0099
vn -0.6011 0.4715 0.6453
vn -0.6359 0.4461 0.6298
vn -0.6359 0.4461 0.6298
vn -0.8776 0.4791 0.0191
vn -0.8757 0.4828 0.0099
vn -0.8776 0.4791 0.0191
vn -0.6359 0.4461 0.6298
vn -0.4357 0.6010 0.6700
vn -0.4357 0.6010 0.6700
vn -0.6962 0.7174 0.0245
vn -0.8776 0.4791 0.0191
vn -0.1529 0.6872 0.7102
vn 0.1111 -0.0851 0.9902
vn 0.2233 0.0065 0.9747
vn 0.2233 0.0065 0.9747
vn -0.3167 0.6377 0.7021
vn -0.1529 0.6872 0.7102
vn -0.3167 0.6377 0.7021
vn 0.2233 0.0065 0.9747
vn 0.1901 0.1550 0.9695
vn 0.1901 0.1550 0.9695
vn -0.6011 0.4715 0.6453
vn -0.3167 0.6377 0.7021
vn -0.6011 0.4715 0.6453
vn 0.1901 0.1550 0.9695
vn 0.0053 0.1895 0.9819
vn 0.0053 0.1895 0.9819
vn -0.6359 0.4461 0.6298
vn -0.6011 0.4715 0.6453
vn -0.6359 0.4461 0.6298
vn 0.0053 0.1895 0.9819
vn -0.0118 0.2467 0.9690
vn -0.0118 0.2467 0.9690
vn -0.4357 0.6010 0.6700
vn -0.6359 0.4461 0.6298
vn 0.1111 -0.0851 0.9902
vn 0.3439 -0.7228 0.5994
vn 0.5725 -0.5677 0.5916
vn 0.5725 -0.5677 0.5916
vn 0.2233 0.0065 0.9747
vn 0.1111 -0.0851 0.9902
vn 0.2233 0.0065 0.9747
vn 0.5725 -0.5677 0.5916
vn 0.7874 -0.2565 0.5605
vn 0.7874 -0.2565 0.5605
vn 0.1901 0.1550 0.9695
vn 0.2233 0.0065 0.9747
vn 0.1901 0.1550 0.9695
vn 0.7874 -0.2565 0.5605
vn 0.6471 -0.3064 0.6981
vn 0.6471 -0.3064 0.6981
vn 0.0053 0.1895 0.9819
vn 0.1901 0.1550 0.9695
vn 0.0053 0.1895 0.9819
vn 0.6471 -0.3064 0.6981
vn 0.4275 -0.4993 0.7536
vn 0.4275 -0.4993 0.7536
vn -0.0118 0.2467 0.9690
vn 0.0053 0.1895 0.9819
vn 0.3439 -0.7228 0.5994
vn 0.4109 -0.9117 0.0013
vn 0.6715 -0.7410 -0.0009
vn 0.6715 -0.7410 -0.0009
vn 0.5725 -0.5677 0.5916
vn 0.3439 -0.7228 0.5994
vn 0.5725 -0.5677 0.5916
vn 0.6715 -0.7410 -0.0009
vn 0.9220 -0.3871 -0.0073
vn 0.9220 -0.3871 -0.0073
vn 0.7874 -0.2565 0.5605
vn 0.5725 -0.5677 0.5916
vn 0.7874 -0.2565 0.5605
vn 0.9220 -0.3871 -0.0073
vn 0.8469 -0.5316 -0.0139
vn 0.8469 -0.5316 -0.0139
vn 0.6471 -0.3064 0.6981
vn 0.7874 -0.2565 0.5605
vn 0.6471 -0.3064 0.6981
vn 0.8469 -0.5316 -0.0139
vn 0.5359 -0.8442 -0.0105
vn 0.5359 -0.8442 -0.0105
vn 0.4275 -0.4993 0.7536
vn 0.6471 -0.3064 0.6981
vn 0.4109 -0.9117 0.0013
vn 0.3412 -0.7228 -0.6009
vn 0.5787 -0.5611 -0.5918
vn 0.5787 -0.5611 -0.5918
vn 0.6715 -0.7410 -0.0009
vn 0.4109 -0.9117 0.0013
vn 0.6715 -0.7410 -0.0009
vn 0.5787 -0.5611 -0.5918
vn 0.7849 -0.2510 -0.5665
vn 0.7849 -0.2510 -0.5665
vn 0.9220 -0.3871 -0.0073
vn 0.6715 -0.7410 -0.0009
vn 0.9220 -0.3871 -0.0073
vn 0.7849 -0.2510 -0.5665
vn 0.6427 -0.3023 -0.7040
vn 0.6427 -0.3023 -0.7040
vn 0.8469 -0.5316 -0.0139
vn 0.9220 -0.3871 -0.0073
vn 0.8469 -0.5316 -0.0139
vn 0.6427 -0.3023 -0.7040
vn 0.4186 -0.5000 -0.7581
vn 0.4186 -0.5000 -0.7581
vn 0.5359 -0.8442 -0.0105
vn 0.8469 -0.5316 -0.0139
vn 0.3412 -0.7228 -0.6009
vn 0.1158 -0.0791 -0.9901
vn 0.2328 0.0126 -0.9724
vn 0.2328 0.0126 -0.9724
vn 0.5787 -0.5611 -0.5918
vn 0.3412 -0.7228 -0.6009
vn 0.5787 -0.5611 -0.5918
vn 0.2328 0.0126 -0.9724
vn 0.2067 0.1536 -0.9663
vn 0.2067 0.1536 -0.9663
vn 0.7849 -0.2510 -0.5665
vn 0.5787 -0.5611 -0.5918
vn 0.7849 -0.2510 -0.5665
vn 0.2067 0.1536 -0.9663
vn 0.0245 0.1614 -0.9866
vn 0.0245 0.1614 -0.9866
vn 0.6427 -0.3023 -0.7040
vn 0.7849 -0.2510 -0.5665
vn 0.6427 -0.3023 -0.7040
vn 0.0245 0.1614 -0.9866
vn 0.0034 0.2111 -0.9775
vn 0.0034 0.2111 -0.9775
vn 0.4186 -0.5000 -0.7581
vn 0.6427 -0.3023 -0.7040
vn 0.1158 -0.0791 -0.9901
vn -0.1349 0.6875 -0.7136
vn -0.3195 0.6331 -0.7051
vn -0.3195 0.6331 -0.7051
vn 0.2328 0.0126 -0.9724
vn 0.1158 -0.0791 -0.9901
vn 0.2328 0.0126 -0.9724
vn -0.3195 0.6331 -0.7051
vn -0.6039 0.4614 -0.6499
vn -0.6039 0.4614 -0.6499
vn 0.2067 0.1536 -0.9663
vn 0.2328 0.0126 -0.9724
vn 0.2067 0.1536 -0.9663
vn -0.6039 0.4614 -0.6499
vn -0.6318 0.4372 -0.6401
vn -0.6318 0.4372 -0.6401
vn 0.0245 0.1614 -0.9866
vn 0.2067 0.1536 -0.9663
vn 0.0245 0.1614 -0.9866
vn -0.6318 0.4372 -0.6401
vn -0.4243 0.6127 -0.6667
vn -0.4243 0.6127 -0.6667
vn 0.0034 0.2111 -0.9775
vn 0.0245 0.1614 -0.9866
vn -0.1349 0.6875 -0.7136
vn -0.2308 0.9730 -0.0065
vn -0.5489 0.8359 -0.0015
vn -0.5489 0.8359 -0.0015
vn -0.3195 0.6331 -0.7051
vn -0.1349 0.6875 -0.7136
vn -0.3195 0.6331 -0.7051
vn -0.5489 0.8359 -0.0015
vn -0.8757 0.4828 0.0099
vn -0.8757 0.4828 0.0099
vn -0.6039 0.4614 -0.6499
vn -0.3195 0.6331 -0.7051
vn -0.6039 0.4614 -0.6499
vn -0.8757 0.4828 0.0099
vn -0.8776 0.4791 0.0191
vn -0.8776 0.4791 0.0191
vn -0.6318 0.4372 -0.6401
vn -0.6039 0.4614 -0.6499
vn -0.6318 0.4372 -0.6401
vn -0.8776 0.4791 0.0191
vn -0.6962 0.7174 0.0245
vn -0.6962 0.7174 0.0245
vn -0.4243 0.6127 -0.6667
vn -0.6318 0.4372 -0.6401
vn -0.6962 0.7174 0.0245
vn -0.4357 0.6010 0.6700
vn -0.2599 0.7919 0.5525
vn -0.2599 0.7919 0.5525
vn -0.4258 0.9048 0.0108
vn -0.6962 0.7174 0.0245
vn -0.4258 0.9048 0.0108
vn -0.2599 0.7919 0.5525
vn 0.0095 0.9997 -0.0217
vn 0.0095 0.9997 -0.0217
vn 0.0220 0.9998 0.0016
vn -0.4258 0.9048 0.0108
vn 0.0220 0.9998 0.0016
vn 0.0095 0.9997 -0.0217
vn 0.4102 0.3329 -0.8491
vn 0.4102 0.3329 -0.8491
vn 0.9996 0.0259 0.0116
vn 0.0220 0.9998 0.0016
vn 0.9996 0.0259 0.0116
vn 0.4102 0.3329 -0.8491
vn 0.5415 -0.5486 -0.6370
vn 0.5415 -0.5486 -0.6370
vn 0.7096 -0.7046 0.0097
vn 0.9996 0.0259 0.0116
vn -0.4357 0.6010 0.6700
vn -0.0118 0.2467 0.9690
vn 0.0463 0.4552 0.8892
vn 0.0463 0.4552 0.8892
vn -0.2599 0.7919 0.5525
vn -0.4357 0.6010 0.6700
vn -0.2599 0.7919 0.5525
vn 0.0463 0.4552 0.8892
vn -0.0107 0.9888 0.1489
vn -0.0107 0.9888 0.1489
vn 0.0095 0.9997 -0.0217
vn -0.2599 0.7919 0.5525
vn 0.0095 0.9997 -0.0217
vn -0.0107 0.9888 0.1489
vn -0.0444 0.6829 -0.7291
vn -0.0444 0.6829 -0.7291
vn 0.4102 0.3329 -0.8491
vn 0.0095 0.9997 -0.0217
vn 0.4102 0.3329 -0.8491
vn -0.0444 0.6829 -0.7291
vn 0.1228 0.0092 -0.9924
vn 0.1228 0.0092 -0.9924
vn 0.5415 -0.5486 -0.6370
vn 0.4102 0.3329 -0.8491
vn -0.0118 0.2467 0.9690
vn 0.4275 -0.4993 0.7536
vn 0.4818 -0.1804 0.8575
vn 0.4818 -0.1804 0.8575
vn 0.0463 0.4552 0.8892
vn -0.0118 0.2467 0.9690
vn 0.0463 0.4552 0.8892
vn 0.4818 -0.1804 0.8575
vn 0.4553 0.7368 0.4999
vn 0.4553 0.7368 0.4999
vn -0.0107 0.9888 0.1489
vn 0.0463 0.4552 0.8892
vn -0.0107 0.9888 0.1489
vn 0.4553 0.7368 0.4999
vn -0.2205 0.9072 -0.3583
vn -0.2205 0.9072 -0.3583
vn -0.0444 0.6829 -0.7291
vn -0.0107 0.9888 0.1489
vn -0.0444 0.6829 -0.7291
vn -0.2205 0.9072 -0.3583
vn -0.2359 0.6573 -0.7158
vn -0.2359 0.6573 -0.7158
vn 0.1228 0.0092 -0.9924
vn -0.0444 0.6829 -0.7291
vn 0.4275 -0.4993 0.7536
vn 0.5359 -0.8442 -0.0105
vn 0.7281 -0.6853 -0.0156
vn 0.7281 -0.6853 -0.0156
vn 0.4818 -0.1804 0.8575
vn 0.4275 -0.4993 0.7536
vn 0.4818 -0.1804 0.8575
vn 0.7281 -0.6853 -0.0156
vn 0.8887 0.4581 -0.0167
vn 0.8887 0.4581 -0.0167
vn 0.4553 0.7368 0.4999
vn 0.4818 -0.1804 0.8575
vn 0.4553 0.7368 0.4999
vn 0.8887 0.4581 -0.0167
vn -0.2601 0.9656 0.0008
vn -0.2601 0.9656 0.0008
vn -0.2205 0.9072 -0.3583
vn 0.4553 0.7368 0.4999
vn -0.2205 0.9072 -0.3583
vn -0.2601 0.9656 0.0008
vn -0.3716 0.9284 -0.0044
vn -0.3716 0.9284 -0.0044
vn -0.2359 0.6573 -0.7158
vn -0.2205 0.9072 -0.3583
vn 0.5359 -0.8442 -0.0105
vn 0.4186 -0.5000 -0.7581
vn 0.4802 -0.1784 -0.8589
vn 0.4802 -0.1784 -0.8589
vn 0.7281 -0.6853 -0.0156
vn 0.5359 -0.8442 -0.0105
vn 0.7281 -0.6853 -0.0156
vn 0.4802 -0.1784 -0.8589
vn 0.4881 0.7168 -0.4979
vn 0.4881 0.7168 -0.4979
vn 0.8887 0.4581 -0.0167
vn 0.7281 -0.6853 -0.0156
vn 0.8887 0.4581 -0.0167
vn 0.4881 0.7168 -0.4979
vn -0.2220 0.9054 0.3619
vn -0.2220 0.9054 0.3619
vn -0.2601 0.9656 0.0008
vn 0.8887 0.4581 -0.0167
vn -0.2601 0.9656 0.0008
vn -0.2220 0.9054 0.3619
vn -0.2354 0.6632 0.7105
vn -0.2354 0.6632 0.7105
vn -0.3716 0.9284 -0.0044
vn -0.2601 0.9656 0.0008
vn 0.4186 -0.5000 -0.7581
vn 0.0034 0.2111 -0.9775
vn 0.0587 0.4377 -0.8972
vn 0.0587 0.4377 -0.8972
vn 0.4802 -0.1784 -0.8589
vn 0.4186 -0.5000 -0.7581
vn 0.4802 -0.1784 -0.8589
vn 0.0587 0.4377 -0.8972
vn 0.0013 0.9865 -0.1640
vn 0.0013 0.9865 -0.1640
vn 0.4881 0.7168 -0.4979
vn 0.4802 -0.1784 -0.8589
vn 0.4881 0.7168 -0.4979
vn 0.0013 0.9865 -0.1640
vn -0.0442 0.6817 0.7303
vn -0.0442 0.6817 0.7303
vn -0.2220 0.9054 0.3619
vn 0.4881 0.7168 -0.4979
vn -0.2220 0.9054 0.3619
vn -0.0442 0.6817 0.7303
vn 0.1388 -0.0342 0.9897
vn 0.1388 -0.0342 0.9897
vn -0.2354 0.6632 0.7105
vn -0.2220 0.9054 0.3619
vn 0.0034 0.2111 -0.9775
vn -0.4243 0.6127 -0.6667
vn -0.2589 0.7972 -0.5454
vn -0.2589 0.7972 -0.5454
vn 0.0587 0.4377 -0.8972
vn 0.0034 0.2111 -0.9775
vn 0.0587 0.4377 -0.8972
vn -0.2589 0.7972 -0.5454
vn 0.0123 0.9997 0.0193
vn 0.0123 0.9997 0.0193
vn 0.0013 0.9865 -0.1640
vn 0.0587 0.4377 -0.8972
vn 0.0013 0.9865 -0.1640
vn 0.0123 0.9997 0.0193
vn 0.3986 0.3549 0.8457
vn 0.3986 0.3549 0.8457
vn -0.0442 0.6817 0.7303
vn 0.0013 0.9865 -0.1640
vn -0.0442 0.6817 0.7303
vn 0.3986 0.3549 0.8457
vn 0.5376 -0.5814 0.6107
vn 0.5376 -0.5814 0.6107
vn 0.1388 -0.0342 0.9897
vn -0.0442 0.6817 0.7303
vn -0.4243 0.6127 -0.6667
vn -0.6962 0.7174 0.0245
vn -0.4258 0.9048 0.0108
vn -0.4258 0.9048 0.0108
vn -0.2589 0.7972 -0.5454
vn -0.4243 0.6127 -0.6667
vn -0.2589 0.7972 -0.5454
vn -0.4258 0.9048 0.0108
vn 0.0220 0.9998 0.0016
vn 0.0220 0.9998 0.0016
vn 0.0123 0.9997 0.0193
vn -0.2589 0.7972 -0.5454
vn 0.0123 0.9997 0.0193
vn 0.0220 0.9998 0.0016
vn 0.9996 0.0259 0.0116
vn 0.9996 0.0259 0.0116
vn 0.3986 0.3549 0.8457
vn 0.0123 0.9997 0.0193
vn 0.3986 0.3549 0.8457
vn 0.9996 0.0259 0.0116
vn 0.7096 -0.7046 0.0097
vn 0.7096 -0.7046 0.0097
vn 0.5376 -0.5814 0.6107
vn 0.3986 0.3549 0.8457
vn 0.0000 1.0000 0.0000
vn 0.0000 1.0000 0.0000
vn 0.7626 0.5650 0.3148
vn 0.7626 0.5650 0.3148
vn 0.8245 0.5658 0.0000
vn 0.0000 1.0000 0.0000
vn 0.8245 0.5658 0.0000
vn 0.7626 0.5650 0.3148
vn 0.8480 -0.3980 0.3500
vn 0.8480 -0.3980 0.3500
vn 0.9177 -0.3973 0.0000
vn 0.8245 0.5658 0.0000
vn 0.9177 -0.3973 0.0000
vn 0.8480 -0.3980 0.3500
vn 0.8641 -0.3553 0.3564
vn 0.8641 -0.3553 0.3564
vn 0.9353 -0.3539 0.0001
vn 0.9177 -0.3973 0.0000
vn 0.9353 -0.3539 0.0001
vn 0.8641 -0.3553 0.3564
vn 0.7210 0.6256 0.2979
vn 0.7210 0.6256 0.2979
vn 0.7807 0.6249 0.0001
vn 0.9353 -0.3539 0.0001
vn 0.0000 1.0000 0.0000
vn 0.0000 1.0000 0.0000
vn 0.5834 0.5652 0.5833
vn 0.5834 0.5652 0.5833
vn 0.7626 0.5650 0.3148
vn 0.0000 1.0000 0.0000
vn 0.7626 0.5650 0.3148
vn 0.5834 0.5652 0.5833
vn 0.6485 -0.3987 0.6484
vn 0.6485 -0.3987 0.6484
vn 0.8480 -0.3980 0.3500
vn 0.7626 0.5650 0.3148
vn 0.8480 -0.3980 0.3500
vn 0.6485 -0.3987 0.6484
vn 0.6609 -0.3559 0.6607
vn 0.6609 -0.3559 0.6607
vn 0.8641 -0.3553 0.3564
vn 0.8480 -0.3980 0.3500
vn 0.8641 -0.3553 0.3564
vn 0.6609 -0.3559 0.6607
vn 0.5519 0.6253 0.5518
vn 0.5519 0.6253 0.5518
vn 0.7210 0.6256 0.2979
vn 0.8641 -0.3553 0.3564
vn 0.0000 1.0000 0.0000
vn 0.0000 1.0000 0.0000
vn 0.3148 0.5651 0.7626
vn 0.3148 0.5651 0.7626
vn 0.5834 0.5652 0.5833
vn 0.0000 1.0000 0.0000
vn 0.5834 0.5652 0.5833
vn 0.3148 0.5651 0.7626
vn 0.3500 -0.3980 0.8480
vn 0.3500 -0.3980 0.8480
vn 0.6485 -0.3987 0.6484
vn 0.5834 0.5652 0.5833
vn 0.6485 -0.3987 0.6484
vn 0.3500 -0.3980 0.8480
vn 0.3565 -0.3552 0.8642
vn 0.3565 -0.3552 0.8642
vn 0.6609 -0.3559 0.6607
vn 0.6485 -0.3987 0.6484
vn 0.6609 -0.3559 0.6607
vn 0.3565 -0.3552 0.8642
vn 0.2980 0.6255 0.7211
vn 0.2980 0.6255 0.7211
vn 0.5519 0.6253 0.5518
vn 0.6609 -0.3559 0.6607
vn 0.0000 1.0000 0.0000
vn 0.0000 1.0000 0.0000
vn -0.0000 0.5658 0.8245
vn -0.0000 0.5658 0.8245
vn 0.3148 0.5651 0.7626
vn 0.0000 1.0000 0.0000
vn 0.3148 0.5651 0.7626
vn -0.0000 0.5658 0.8245
vn -0.0000 -0.3973 0.9177
vn -0.0000 -0.3973 0.9177
vn 0.3500 -0.3980 0.8480
vn 0.3148 0.5651 0.7626
vn 0.3500 -0.3980 0.8480
vn -0.0000 -0.3973 0.9177
vn -0.0001 -0.3539 0.9353
vn -0.0001 -0.3539 0.9353
vn 0.3565 -0.3552 0.8642
vn 0.3500 -0.3980 0.8480
vn 0.3565 -0.3552 0.8642
vn -0.0001 -0.3539 0.9353
vn -0.0001 0.6249 0.7807
vn -0.0001 0.6249 0.7807
vn 0.2980 0.6255 0.7211
vn 0.3565 -0.3552 0.8642
vn 0.0000 1.0000 0.0000
vn 0.0000 1.0000 0.0000
vn -0.3148 0.5650 0.7626
vn -0.3148 0.5650 0.7626
vn -0.0000 0.5658 0.8245
vn 0.0000 1.0000 0.0000
vn -0.0000 0.5658 0.8245
vn -0.3148 0.5650 0.7626
vn -0.3500 -0.3980 0.8480
vn -0.3500 -0.3980 0.8480
vn -0.0000 -0.3973 0.9177
vn -0.0000 0.5658 0.8245
vn -0.0000 -0.3973 0.9177
vn -0.3500 -0.3980 0.8480
vn -0.3564 -0.3553 0.8641
vn -0.3564 -0.3553 0.8641
vn -0.0001 -0.3539 0.9353
vn -0.0000 -0.3973 0.9177
vn -0.0001 -0.3539 0.9353
vn -0.3564 -0.3553 0.8641
vn -0.2979 0.6256 0.7210
vn -0.2979 0.6256 0.7210
vn -0.0001 0.6249 0.7807
vn -0.0001 -0.3539 0.9353
vn 0.0000 1.0000 0.0000
vn 0.0000 1.0000 0.0000
vn -0.5833 0.5652 0.5834
vn -0.5833 0.5652 0.5834
vn -0.3148 0.5650 0.7626
vn 0.0000 1.0000 0.0000
vn -0.3148 0.5650 0.7626
vn -0.5833 0.5652 0.5834
vn -0.6484 -0.3987 0.6485
vn -0.6484 -0.3987 0.6485
vn -0.3500 -0.3980 0.8480
vn -0.3148 0.5650 0.7626
vn -0.3500 -0.3980 0.8480
vn -0.6484 -0.3987 0.6485
vn -0.6607 -0.3559 0.6609
vn -0.6607 -0.3559 0.6609
vn -0.3564 -0.3553 0.8641
vn -0.3500 -0.3980 0.8480
vn -0.3564 -0.3553 0.8641
vn -0.6607 -0.3559 0.6609
vn -0.5518 0.6253 0.5519
vn -0.5518 0.6253 0.5519
vn -0.2979 0.6256 0.7210
vn -0.3564 -0.3553 0.8641
vn 0.0000 1.0000 0.0000
vn 0.0000 1.0000 0.0000
vn -0.7626 0.5651 0.3148
vn -0.7626 0.5651 0.3148
vn -0.5833 0.5652 0.5834
vn 0.0000 1.0000 0.0000
vn -0.5833 0.5652 0.5834
vn -0.7626 0.5651 0.3148
vn -0.8480 -0.3980 0.3500
vn -0.8480 -0.3980 0.3500
vn -0.6484 -0.3987 0.6485
vn -0.5833 0.5652 0.5834
vn -0.6484 -0.3987 0.6485
vn -0.8480 -0.3980 0.3500
vn -0.8642 -0.3552 0.3565
vn -0.8642 -0.3552 0.3565
vn -0.6607 -0.3559 0.6609
vn -0.6484 -0.3987 0.6485
vn -0.6607 -0.3559 0.6609
vn -0.8642 -0.3552 0.3565
vn -0.7211 0.6255 0.2980
vn -0.7211 0.6255 0.2980
vn -0.5518 0.6253 0.5519
vn -0.6607 -0.3559 0.6609
vn 0.0000 1.0000 0.0000
vn 0.0000 1.0000 0.0000
vn -0.8245 0.5658 -0.0000
vn -0.8245 0.5658 -0.0000
vn -0.7626 0.5651 0.3148
vn 0.0000 1.0000 0.0000
vn -0.7626 0.5651 0.3148
vn -0.8245 0.5658 -0.0000
vn -0.9177 -0.3973 -0.0000
vn -0.9177 -0.3973 -0.0000
vn -0.8480 -0.3980 0.3500
vn -0.7626 0.5651 0.3148
vn -0.8480 -0.3980 0.3500
vn -0.9177 -0.3973 -0.0000
vn -0.9353 -0.3539 -0.0001
vn -0.9353 -0.3539 -0.0001
vn -0.8642 -0.3552 0.3565
vn -0.8480 -0.3980 0.3500
vn -0.8642 -0.3552 0.3565
vn -0.9353 -0.3539 -0.0001
vn -0.7807 0.6249 -0.0001
vn -0.7807 0.6249 -0.0001
vn -0.7211 0.6255 0.2980
vn -0.8642 -0.3552 0.3565
vn 0.0000 1.0000 0.0000
vn 0.0000 1.0000 0.0000
vn -0.7626 0.5650 -0.3148
vn -0.7626 0.5650 -0.3148
vn -0.8245 0.5658 -0.0000
vn 0.0000 1.0000 0.0000
vn -0.8245 0.5658 -0.0000
vn -0.7626 0.5650 -0.3148
vn -0.8480 -0.3980 -0.3500
vn -0.8480 -0.3980 -0.3500
vn -0.9177 -0.3973 -0.0000
vn -0.8245 0.5658 -0.0000
vn -0.9177 -0.3973 -0.0000
vn -0.8480 -0.3980 -0.3500
vn -0.8641 -0.3553 -0.3564
vn -0.8641 -0.3553 -0.3564
vn -0.9353 -0.3539 -0.0001
vn -0.9177 -0.3973 -0.0000
vn -0.9353 -0.3539 -0.0001
vn -0.8641 -0.3553 -0.3564
vn -0.7210 0.6256 -0.2979
vn -0.7210 0.6256 -0.2979
vn -0.7807 0.6249 -0.0001
vn -0.9353 -0.3539 -0.0001
vn 0.0000 1.0000 0.0000
vn 0.0000 1.0000 0.0000
vn -0.5834 0.5652 -0.5833
vn -0.5834 0.5652 -0.5833
vn -0.7626 0.5650 -0.3148
vn 0.0000 1.0000 0.0000
vn -0.7626 0.5650 -0.3148
vn -0.5834 0.5652 -0.5833
vn -0.6485 -0.3987 -0.6484
vn -0.6485 -0.3987 -0.6484
vn -0.8480 -0.3980 -0.3500
vn -0.7626 0.5650 -0.3148
vn -0.8480 -0.3980 -0.3500
vn -0.6485 -0.3987 -0.6484
vn -0.6609 -0.3559 -0.6607
vn -0.6609 -0.3559 -0.6607
vn -0.8641 -0.3553 -0.3564
vn -0.8480 -0.3980 -0.3500
vn -0.8641 -0.3553 -0.3564
vn -0.6609 -0.3559 -0.6607
vn -0.5519 0.6253 -0.5518
vn -0.5519 0.6253 -0.5518
vn -0.7210 0.6256 -0.2979
vn -0.8641 -0.3553 -0.3564
vn 0.0000 1.0000 0.0000
vn 0.0000 1.0000 0.0000
vn -0.3148 0.5651 -0.7626
vn -0.3148 0.5651 -0.7626
vn -0.5834 0.5652 -0.5833
vn 0.0000 1.0000 0.0000
vn -0.5834 0.5652 -0.5833
vn -0.3148 0.5651 -0.7626
vn -0.3500 -0.3980 -0.8480
vn -0.3500 -0.3980 -0.8480
vn -0.6485 -0.3987 -0.6484
vn -0.5834 0.5652 -0.5833
vn -0.6485 -0.3987 -0.6484
vn -0.3500 -0.3980 -0.8480
vn -0.3565 -0.3552 -0.8642
vn -0.3565 -0.3552 -0.8642
vn -0.6609 -0.3559 -0.6607
vn -0.6485 -0.3987 -0.6484
vn -0.6609 -0.3559 -0.6607
vn -0.3565 -0.3552 -0.8642
vn -0.2980 0.6255 -0.7211
vn -0.2980 0.6255 -0.7211
vn -0.5519 0.6253 -0.5518
vn -0.6609 -0.3559 -0.6607
vn 0.0000 1.0000 0.0000
vn 0.0000 1.0000 0.0000
vn 0.0000 0.5658 -0.8245
vn 0.0000 0.5658 -0.8245
vn -0.3148 0.5651 -0.7626
vn 0.0000 1.0000 0.0000
vn -0.3148 0.5651 -0.7626
vn 0.0000 0.5658 -0.8245
vn 0.0000 -0.3973 -0.9177
vn 0.0000 -0.3973 -0.9177
vn -0.3500 -0.3980 -0.8480
vn -0.3148 0.5651 -0.7626
vn -0.3500 -0.3980 -0.8480
vn 0.0000 -0.3973 -0.9177
vn 0.0001 -0.3539 -0.9353
vn 0.0001 -0.3539 -0.9353
vn -0.3565 -0.3552 -0.8642
vn -0.3500 -0.3980 -0.8480
vn -0.3565 -0.3552 -0.8642
vn 0.0001 -0.3539 -0.9353
vn 0.0001 0.6249 -0.7807
vn 0.0001 0.6249 -0.7807
vn -0.2980 0.6255 -0.7211
vn -0.3565 -0.3552 -0.8642
vn 0.0000 1.0000 0.0000
vn 0.0000 1.0000 0.0000
vn 0.3148 0.5650 -0.7626
vn 0.3148 0.5650 -0.7626
vn 0.0000 0.5658 -0.8245
vn 0.0000 1.0000 0.0000
vn 0.0000 0.5658 -0.8245
vn 0.3148 0.5650 -0.7626
vn 0.3500 -0.3980 -0.8480
vn 0.3500 -0.3980 -0.8480
vn 0.0000 -0.3973 -0.9177
vn 0.0000 0.5658 -0.8245
vn 0.0000 -0.3973 -0.9177
vn 0.3500 -0.3980 -0.8480
vn 0.3564 -0.3553 -0.8641
vn 0.3564 -0.3553 -0.8641
vn 0.0001 -0.3539 -0.9353
vn 0.0000 -0.3973 -0.9177
vn 0.0001 -0.3539 -0.9353
vn 0.3564 -0.3553 -0.8641
vn 0.2979 0.6256 -0.7210
vn 0.2979 0.6256 -0.7210
vn 0.0001 0.6249 -0.7807
vn 0.0001 -0.3539 -0.9353
vn 0.0000 1.0000 0.0000
vn 0.0000 1.0000 0.0000
vn 0.5833 0.5652 -0.5834
vn 0.5833 0.5652 -0.5834
vn 0.3148 0.5650 -0.7626
vn 0.0000 1.0000 0.0000
vn 0.3148 0.5650 -0.7626
vn 0.5833 0.5652 -0.5834
vn 0.6484 -0.3987 -0.6485
vn 0.6484 -0.3987 -0.6485
vn 0.3500 -0.3980 -0.8480
vn 0.3148 0.5650 -0.7626
vn 0.3500 -0.3980 -0.8480
vn 0.6484 -0.3987 -0.6485
vn 0.6607 -0.3559 -0.6609
vn 0.6607 -0.3559 -0.6609
vn 0.3564 -0.3553 -0.8641
vn 0.3500 -0.3980 -0.8480
vn 0.3564 -0.3553 -0.8641
vn 0.6607 -0.3559 -0.6609
vn 0.5518 0.6253 -0.5519
vn 0.5518 0.6253 -0.5519
vn 0.2979 0.6256 -0.7210
vn 0.3564 -0.3553 -0.8641
vn 0.0000 1.0000 0.0000
vn 0.0000 1.0000 0.0000
vn 0.7626 0.5651 -0.3148
vn 0.7626 0.5651 -0.3148
vn 0.5833 0.5652 -0.5834
vn 0.0000 1.0000 0.0000
vn 0.5833 0.5652 -0.5834
vn 0.7626 0.5651 -0.3148
vn 0.8480 -0.3980 -0.3500
vn 0.8480 -0.3980 -0.3500
vn 0.6484 -0.3987 -0.6485
vn 0.5833 0.5652 -0.5834
vn 0.6484 -0.3987 -0.6485
vn 0.8480 -0.3980 -0.3500
vn 0.8642 -0.3552 -0.3565
vn 0.8642 -0.3552 -0.3565
vn 0.6607 -0.3559 -0.6609
vn 0.6484 -0.3987 -0.6485
vn 0.6607 -0.3559 -0.6609
vn 0.8642 -0.3552 -0.3565
vn 0.7211 0.6255 -0.2980
vn 0.7211 0.6255 -0.2980
vn 0.5518 0.6253 -0.5519
vn 0.6607 -0.3559 -0.6609
vn 0.0000 1.0000 0.0000
vn 0.0000 1.0000 0.0000
vn 0.8245 0.5658 0.0000
vn 0.8245 0.5658 0.0000
vn 0.7626 0.5651 -0.3148
vn 0.0000 1.0000 0.0000
vn 0.7626 0.5651 -0.3148
vn 0.8245 0.5658 0.0000
vn 0.9177 -0.3973 0.0000
vn 0.9177 -0.3973 0.0000
vn 0.8480 -0.3980 -0.3500
vn 0.7626 0.5651 -0.3148
vn 0.8480 -0.3980 -0.3500
vn 0.9177 -0.3973 0.0000
vn 0.9353 -0.3539 0.0001
vn 0.9353 -0.3539 0.0001
vn 0.8642 -0.3552 -0.3565
vn 0.8480 -0.3980 -0.3500
vn 0.8642 -0.3552 -0.3565
vn 0.9353 -0.3539 0.0001
vn 0.7807 0.6249 0.0001
vn 0.7807 0.6249 0.0001
vn 0.7211 0.6255 -0.2980
vn 0.8642 -0.3552 -0.3565
vn 0.7807 0.6249 0.0001
vn 0.7210 0.6256 0.2979
vn 0.2180 0.9718 0.0902
vn 0.2180 0.9718 0.0902
vn 0.2366 0.9716 0.0000
vn 0.7807 0.6249 0.0001
vn 0.2366 0.9716 0.0000
vn 0.2180 0.9718 0.0902
vn 0.1596 0.9850 0.0660
vn 0.1596 0.9850 0.0660
vn 0.1731 0.9849 0.0000
vn 0.2366 0.9716 0.0000
vn 0.1731 0.9849 0.0000
vn 0.1596 0.9850 0.0660
vn 0.3505 0.9253 0.1447
vn 0.3505 0.9253 0.1447
vn 0.3797 0.9251 -0.0000
vn 0.1731 0.9849 0.0000
vn 0.3797 0.9251 -0.0000
vn 0.3505 0.9253 0.1447
vn 0.4856 0.8507 0.2015
vn 0.4856 0.8507 0.2015
vn 0.5267 0.8501 -0.0000
vn 0.3797 0.9251 -0.0000
vn 0.7210 0.6256 0.2979
vn 0.5519 0.6253 0.5518
vn 0.1666 0.9718 0.1666
vn 0.1666 0.9718 0.1666
vn 0.2180 0.9718 0.0902
vn 0.7210 0.6256 0.2979
vn 0.2180 0.9718 0.0902
vn 0.1666 0.9718 0.1666
vn 0.1219 0.9850 0.1219
vn 0.1219 0.9850 0.1219
vn 0.1596 0.9850 0.0660
vn 0.2180 0.9718 0.0902
vn 0.1596 0.9850 0.0660
vn 0.1219 0.9850 0.1219
vn 0.2677 0.9256 0.2677
vn 0.2677 0.9256 0.2677
vn 0.3505 0.9253 0.1447
vn 0.1596 0.9850 0.0660
vn 0.3505 0.9253 0.1447
vn 0.2677 0.9256 0.2677
vn 0.3713 0.8510 0.3713
vn 0.3713 0.8510 0.3713
vn 0.4856 0.8507 0.2015
vn 0.3505 0.9253 0.1447
vn 0.5519 0.6253 0.5518
vn 0.2980 0.6255 0.7211
vn 0.0902 0.9718 0.2180
vn 0.0902 0.9718 0.2180
vn 0.1666 0.9718 0.1666
vn 0.5519 0.6253 0.5518
vn 0.1666 0.9718 0.1666
vn 0.0902 0.9718 0.2180
vn 0.0660 0.9850 0.1596
vn 0.0660 0.9850 0.1596
vn 0.1219 0.9850 0.1219
vn 0.1666 0.9718 0.1666
vn 0.1219 0.9850 0.1219
vn 0.0660 0.9850 0.1596
vn 0.1447 0.9253 0.3505
vn 0.1447 0.9253 0.3505
vn 0.2677 0.9256 0.2677
vn 0.1219 0.9850 0.1219
vn 0.2677 0.9256 0.2677
vn 0.1447 0.9253 0.3505
vn 0.2015 0.8507 0.4856
vn 0.2015 0.8507 0.4856
vn 0.3713 0.8510 0.3713
vn 0.2677 0.9256 0.2677
vn 0.2980 0.6255 0.7211
vn -0.0001 0.6249 0.7807
vn -0.0000 0.9716 0.2366
vn -0.0000 0.9716 0.2366
vn 0.0902 0.9718 0.2180
vn 0.2980 0.6255 0.7211
vn 0.0902 0.9718 0.2180
vn -0.0000 0.9716 0.2366
vn -0.0000 0.9849 0.1731
vn -0.0000 0.9849 0.1731
vn 0.0660 0.9850 0.1596
vn 0.0902 0.9718 0.2180
vn 0.0660 0.9850 0.1596
vn -0.0000 0.9849 0.1731
vn 0.0000 0.9251 0.3797
vn 0.0000 0.9251 0.3797
vn 0.1447 0.9253 0.3505
vn 0.0660 0.9850 0.1596
vn 0.1447 0.9253 0.3505
vn 0.0000 0.9251 0.3797
vn 0.0000 0.8501 0.5267
vn 0.0000 0.8501 0.5267
vn 0.2015 0.8507 0.4856
vn 0.1447 0.9253 0.3505
vn -0.0001 0.6249 0.7807
vn -0.2979 0.6256 0.7210
vn -0.0902 0.9718 0.2180
vn -0.0902 0.9718 0.2180
vn -0.0000 0.9716 0.2366
vn -0.0001 0.6249 0.7807
vn -0.0000 0.9716 0.2366
vn -0.0902 0.9718 0.2180
vn -0.0660 0.9850 0.1596
vn -0.0660 0.9850 0.1596
vn -0.0000 0.9849 0.1731
vn -0.0000 0.9716 0.2366
vn -0.0000 0.9849 0.1731
vn -0.0660 0.9850 0.1596
vn -0.1447 0.9253 0.3505
vn -0.1447 0.9253 0.3505
vn 0.0000 0.9251 0.3797
vn -0.0000 0.9849 0.1731
vn 0.0000 0.9251 0.3797
vn -0.1447 0.9253 0.3505
vn -0.2015 0.8507 0.4856
vn -0.2015 0.8507 0.4856
vn 0.0000 0.8501 0.5267
vn 0.0000 0.9251 0.3797
vn -0.2979 0.6256 0.7210
vn -0.5518 0.6253 0.5519
vn -0.1666 0.9718 0.1666
vn -0.1666 0.9718 0.1666
vn -0.0902 0.9718 0.2180
vn -0.2979 0.6256 0.7210
vn -0.0902 0.9718 0.2180
vn -0.1666 0.9718 0.1666
vn -0.1219 0.9850 0.1219
vn -0.1219 0.9850 0.1219
vn -0.0660 0.9850 0.1596
vn -0.0902 0.9718 0.2180
vn -0.0660 0.9850 0.1596
vn -0.1219 0.9850 0.1219
vn -0.2677 0.9256 0.2677
vn -0.2677 0.9256 0.2677
vn -0.1447 0.9253 0.3505
vn -0.0660 0.9850 0.1596
vn -0.1447 0.9253 0.3505
vn -0.2677 0.9256 0.2677
vn -0.3713 0.8510 0.3713
vn -0.3713 0.8510 0.3713
vn -0.2015 0.8507 0.4856
vn -0.1447 0.9253 0.3505
vn -0.5518 0.6253 0.5519
vn -0.7211 0.6255 0.2980
vn -0.2180 0.9718 0.0902
vn -0.2180 0.9718 0.0902
vn -0.1666 0.9718 0.1666
vn -0.5518 0.6253 0.5519
vn -0.1666 0.9718 0.1666
vn -0.2180 0.9718 0.0902
vn -0.1596 0.9850 0.0660
vn -0.1596 0.9850 0.0660
vn -0.1219 0.9850 0.1219
vn -0.1666 0.9718 0.1666
vn -0.1219 0.9850 0.1219
vn -0.1596 0.9850 0.0660
vn -0.3505 0.9253 0.1447
vn -0.3505 0.9253 0.1447
vn -0.2677 0.9256 0.2677
vn -0.1219 0.9850 0.1219
vn -0.2677 0.9256 0.2677
vn -0.3505 0.9253 0.1447
vn -0.4856 0.8507 0.2015
vn -0.4856 0.8507 0.2015
vn -0.3713 0.8510 0.3713
vn -0.2677 0.9256 0.2677
vn -0.7211 0.6255 0.2980
vn -0.7807 0.6249 -0.0001
vn -0.2366 0.9716 -0.0000
vn -0.2366 0.9716 -0.0000
vn -0.2180 0.9718 0.0902
vn -0.7211 0.6255 0.2980
vn -0.2180 0.9718 0.0902
vn -0.2366 0.9716 -0.0000
vn -0.1731 0.9849 -0.0000
vn -0.1731 0.9849 -0.0000
vn -0.1596 0.9850 0.0660
vn -0.2180 0.9718 0.0902
vn -0.1596 0.9850 0.0660
vn -0.1731 0.9849 -0.0000
vn -0.3797 0.9251 0.0000
vn -0.3797 0.9251 0.0000
vn -0.3505 0.9253 0.1447
vn -0.1596 0.9850 0.0660
vn -0.3505 0.9253 0.1447
vn -0.3797 0.9251 0.0000
vn -0.5267 0.8501 0.0000
vn -0.5267 0.8501 0.0000
vn -0.4856 0.8507 0.2015
vn -0.3505 0.9253 0.1447
vn -0.7807 0.6249 -0.0001
vn -0.7210 0.6256 -0.2979
vn -0.2180 0.9718 -0.0902
vn -0.2180 0.9718 -0.0902
vn -0.2366 0.9716 -0.0000
vn -0.7807 0.6249 -0.0001
vn -0.2366 0.9716 -0.0000
vn -0.2180 0.9718 -0.0902
vn -0.1596 0.9850 -0.0660
vn -0.1596 0.9850 -0.0660
vn -0.1731 0.9849 -0.0000
vn -0.2366 0.9716 -0.0000
vn -0.1731 0.9849 -0.0000
vn -0.1596 0.9850 -0.0660
vn -0.3505 0.9253 -0.1447
vn -0.3505 0.9253 -0.1447
vn -0.3797 0.9251 0.0000
vn -0.1731 0.9849 -0.0000
vn -0.3797 0.9251 0.0000
vn -0.3505 0.9253 -0.1447
vn -0.4856 0.8507 -0.2015
vn -0.4856 0.8507 -0.2015
vn -0.5267 0.8501 0.0000
vn -0.3797 0.9251 0.0000
vn -0.7210 0.6256 -0.2979
vn -0.5519 0.6253 -0.5518
vn -0.1666 0.9718 -0.1666
vn -0.1666 0.9718 -0.1666
vn -0.2180 0.9718 -0.0902
vn -0.7210 0.6256 -0.2979
vn -0.2180 0.9718 -0.0902
vn -0.1666 0.9718 -0.1666
vn -0.1219 0.9850 -0.1219
vn -0.1219 0.9850 -0.1219
vn -0.1596 0.9850 -0.0660
vn -0.2180 0.9718 -0.0902
vn -0.1596 0.9850 -0.0660
vn -0.1219 0.9850 -0.1219
vn -0.2677 0.9256 -0.2677
vn -0.2677 0.9256 -0.2677
vn -0.3505 0.9253 -0.1447
vn -0.1596 0.9850 -0.0660
vn -0.3505 0.9253 -0.1447
vn -0.2677 0.9256 -0.2677
vn -0.3713 0.8510 -0.3713
vn -0.3713 0.8510 -0.3713
vn -0.4856 0.8507 -0.2015
vn -0.3505 0.9253 -0.1447
vn -0.5519 0.6253 -0.5518
vn -0.2980 0.6255 -0.7211
vn -0.0902 0.9718 -0.2180
vn -0.0902 0.9718 -0.2180
vn -0.1666 0.9718 -0.1666
vn -0.5519 0.6253 -0.5518
vn -0.1666 0.9718 -0.1666
vn -0.0902 0.9718 -0.2180
vn -0.0660 0.9850 -0.1596
vn -0.0660 0.9850 -0.1596
vn -0.1219 0.9850 -0.1219
vn -0.1666 0.9718 -0.1666
vn -0.1219 0.9850 -0.1219
vn -0.0660 0.9850 -0.1596
vn -0.1447 0.9253 -0.3505
vn -0.1447 0.9253 -0.3505
vn -0.2677 0.9256 -0.2677
vn -0.1219 0.9850 -0.1219
vn -0.2677 0.9256 -0.2677
vn -0.1447 0.9253 -0.3505
vn -0.2015 0.8507 -0.4856
vn -0.2015 0.8507 -0.4856
vn -0.3713 0.8510 -0.3713
vn -0.2677 0.9256 -0.2677
vn -0.2980 0.6255 -0.7211
vn 0.0001 0.6249 -0.7807
vn 0.0000 0.9716 -0.2366
vn 0.0000 0.9716 -0.2366
vn -0.0902 0.9718 -0.2180
vn -0.2980 0.6255 -0.7211
vn -0.0902 0.9718 -0.2180
vn 0.0000 0.9716 -0.2366
vn 0.0000 0.9849 -0.1731
vn 0.0000 0.9849 -0.1731
vn -0.0660 0.9850 -0.1596
vn -0.0902 0.9718 -0.2180
vn -0.0660 0.9850 -0.1596
vn 0.0000 0.9849 -0.1731
vn -0.0000 0.9251 -0.3797
vn -0.0000 0.9251 -0.3797
vn -0.1447 0.9253 -0.3505
vn -0.0660 0.9850 -0.1596
vn -0.1447 0.9253 -0.3505
vn -0.0000 0.9251 -0.3797
vn -0.0000 0.8501 -0.5267
vn -0.0000 0.8501 -0.5267
vn -0.2015 0.8507 -0.4856
vn -0.1447 0.9253 -0.3505
vn 0.0001 0.6249 -0.7807
vn 0.2979 0.6256 -0.7210
vn 0.0902 0.9718 -0.2180
vn 0.0902 0.9718 -0.2180
vn 0.0000 0.9716 -0.2366
vn 0.0001 0.6249 -0.7807
vn 0.0000 0.9716 -0.2366
vn 0.0902 0.9718 -0.2180
vn 0.0660 0.9850 -0.1596
vn 0.0660 0.9850 -0.1596
vn 0.0000 0.9849 -0.1731
vn 0.0000 0.9716 -0.2366
vn 0.0000 0.9849 -0.1731
vn 0.0660 0.9850 -0.1596
vn 0.1447 0.9253 -0.3505
vn 0.1447 0.9253 -0.3505
vn -0.0000 0.9251 -0.3797
vn 0.0000 0.9849 -0.1731
vn -0.0000 0.9251 -0.3797
vn 0.1447 0.9253 -0.3505
vn 0.2015 0.8507 -0.4856
vn 0.2015 0.8507 -0.4856
vn -0.0000 0.8501 -0.5267
vn -0.0000 0.9251 -0.3797
vn 0.2979 0.6256 -0.7210
vn 0.5518 0.6253 -0.5519
vn 0.1666 0.9718 -0.1666
vn 0.1666 0.9718 -0.1666
vn 0.0902 0.9718 -0.2180
vn 0.2979 0.6256 -0.7210
vn 0.0902 0.9718 -0.2180
vn 0.1666 0.9718 -0.1666
vn 0.1219 0.9850 -0.1219
vn 0.1219 0.9850 -0.1219
vn 0.0660 0.9850 -0.1596
vn 0.0902 0.9718 -0.2180
vn 0.0660 0.9850 -0.1596
vn 0.1219 0.9850 -0.1219
vn 0.2677 0.9256 -0.2677
vn 0.2677 0.9256 -0.2677
vn 0.1447 0.9253 -0.3505
vn 0.0660 0.9850 -0.1596
vn 0.1447 0.9253 -0.3505
vn 0.2677 0.9256 -0.2677
vn 0.3713 0.8510 -0.3713
vn 0.3713 0.8510 -0.3713
vn 0.2015 0.8507 -0.4856
vn 0.1447 0.9253 -0.3505
vn 0.5518 0.6253 -0.5519
vn 0.7211 0.6255 -0.2980
vn 0.2180 0.9718 -0.0902
vn 0.2180 0.9718 -0.0902
vn 0.1666 0.9718 -0.1666
vn 0.5518 0.6253 -0.5519
vn 0.1666 0.9718 -0.1666
vn 0.2180 0.9718 -0.0902
vn 0.1596 0.9850 -0.0660
vn 0.1596 0.9850 -0.0660
vn 0.1219 0.9850 -0.1219
vn 0.1666 0.9718 -0.1666
vn 0.1219 0.9850 -0.1219
vn 0.1596 0.9850 -0.0660
vn 0.3505 0.9253 -0.1447
vn 0.3505 0.9253 -0.1447
vn 0.2677 0.9256 -0.2677
vn 0.1219 0.9850 -0.1219
vn 0.2677 0.9256 -0.2677
vn 0.3505 0.9253 -0.1447
vn 0.4856 0.8507 -0.2015
vn 0.4856 0.8507 -0.2015
vn 0.3713 0.8510 -0.3713
vn 0.2677 0.9256 -0.2677
vn 0.7211 0.6255 -0.2980
vn 0.7807 0.6249 0.0001
vn 0.2366 0.9716 0.0000
vn 0.2366 0.9716 0.0000
vn 0.2180 0.9718 -0.0902
vn 0.7211 0.6255 -0.2980
vn 0.2180 0.9718 -0.0902
vn 0.2366 0.9716 0.0000
vn 0.1731 0.9849 0.0000
vn 0.1731 0.9849 0.0000
vn 0.1596 0.9850 -0.0660
vn 0.2180 0.9718 -0.0902
vn 0.1596 0.9850 -0.0660
vn 0.1731 0.9849 0.0000
vn 0.3797 0.9251 -0.0000
vn 0.3797 0.9251 -0.0000
vn 0.3505 0.9253 -0.1447
vn 0.1596 0.9850 -0.0660
vn 0.3505 0.9253 -0.1447
vn 0.3797 0.9251 -0.0000
vn 0.5267 0.8501 -0.0000
vn 0.5267 0.8501 -0.0000
vn 0.4856 0.8507 -0.2015
vn 0.3505 0.9253 -0.1447
# 3072 vertex normals

g Teapot001
f 1//1 6//2 7//3 
f 7//4 2//5 1//6 
f 2//7 7//8 8//9 
f 8//10 3//11 2//12 
f 3//13 8//14 9//15 
f 9//16 4//17 3//18 
f 4//19 9//20 10//21 
f 10//22 5//23 4//24 
f 6//25 11//26 12//27 
f 12//28 7//29 6//30 
f 7//31 12//32 13//33 
f 13//34 8//35 7//36 
f 8//37 13//38 14//39 
f 14//40 9//41 8//42 
f 9//43 14//44 15//45 
f 15//46 10//47 9//48 
f 11//49 16//50 17//51 
f 17//52 12//53 11//54 
f 12//55 17//56 18//57 
f 18//58 13//59 12//60 
f 13//61 18//62 19//63 
f 19//64 14//65 13//66 
f 14//67 19//68 20//69 
f 20//70 15//71 14//72 
f 16//73 21//74 22//75 
f 22//76 17//77 16//78 
f 17//79 22//80 23//81 
f 23//82 18//83 17//84 
f 18//85 23//86 24//87 
f 24//88 19//89 18//90 
f 19//91 24//92 25//93 
f 25//94 20//95 19//96 
f 21//97 26//98 27//99 
f 27//100 22//101 21//102 
f 22//103 27//104 28//105 
f 28//106 23//107 22//108 
f 23//109 28//110 29//111 
f 29//112 24//113 23//114 
f 24//115 29//116 30//117 
f 30//118 25//119 24//120 
f 26//121 31//122 32//123 
f 32//124 27//125 26//126 
f 27//127 32//128 33//129 
f 33//130 28//131 27//132 
f 28//133 33//134 34//135 
f 34//136 29//137 28//138 
f 29//139 34//140 35//141 
f 35//142 30//143 29//144 
f 31//145 36//146 37//147 
f 37//148 32//149 31//150 
f 32//151 37//152 38//153 
f 38//154 33//155 32//156 
f 33//157 38//158 39//159 
f 39//160 34//161 33//162 
f 34//163 39//164 40//165 
f 40//166 35//167 34//168 
f 36//169 41//170 42//171 
f 42//172 37//173 36//174 
f 37//175 42//176 43//177 
f 43//178 38//179 37//180 
f 38//181 43//182 44//183 
f 44//184 39//185 38//186 
f 39//187 44//188 45//189 
f 45//190 40//191 39//192 
f 41//193 46//194 47//195 
f 47//196 42//197 41//198 
f 42//199 47//200 48//201 
f 48//202 43//203 42//204 
f 43//205 48//206 49//207 
f 49//208 44//209 43//210 
f 44//211 49//212 50//213 
f 50//214 45//215 44//216 
f 46//217 51//218 52//219 
f 52//220 47//221 46//222 
f 47//223 52//224 53//225 
f 53//226 48//227 47//228 
f 48//229 53//230 54//231 
f 54//232 49//233 48//234 
f 49//235 54//236 55//237 
f 55//238 50//239 49//240 
f 51//241 56//242 57//243 
f 57//244 52//245 51//246 
f 52//247 57//248 58//249 
f 58//250 53//251 52//252 
f 53//253 58//254 59//255 
f 59//256 54//257 53//258 
f 54//259 59//260 60//261 
f 60//262 55//263 54//264 
f 56//265 61//266 62//267 
f 62//268 57//269 56//270 
f 57//271 62//272 63//273 
f 63//274 58//275 57//276 
f 58//277 63//278 64//279 
f 64//280 59//281 58//282 
f 59//283 64//284 65//285 
f 65//286 60//287 59//288 
f 61//289 66//290 67//291 
f 67//292 62//293 61//294 
f 62//295 67//296 68//297 
f 68//298 63//299 62//300 
f 63//301 68//302 69//303 
f 69//304 64//305 63//306 
f 64//307 69//308 70//309 
f 70//310 65//311 64//312 
f 66//313 71//314 72//315 
f 72//316 67//317 66//318 
f 67//319 72//320 73//321 
f 73//322 68//323 67//324 
f 68//325 73//326 74//327 
f 74//328 69//329 68//330 
f 69//331 74//332 75//333 
f 75//334 70//335 69//336 
f 71//337 76//338 77//339 
f 77//340 72//341 71//342 
f 72//343 77//344 78//345 
f 78//346 73//347 72//348 
f 73//349 78//350 79//351 
f 79//352 74//353 73//354 
f 74//355 79//356 80//357 
f 80//358 75//359 74//360 
f 76//361 1//362 2//363 
f 2//364 77//365 76//366 
f 77//367 2//368 3//369 
f 3//370 78//371 77//372 
f 78//373 3//374 4//375 
f 4//376 79//377 78//378 
f 79//379 4//380 5//381 
f 5//382 80//383 79//384 
f 5//385 10//386 85//387 
f 85//388 81//389 5//390 
f 81//391 85//392 86//393 
f 86//394 82//395 81//396 
f 82//397 86//398 87//399 
f 87//400 83//401 82//402 
f 83//403 87//404 88//405 
f 88//406 84//407 83//408 
f 10//409 15//410 89//411 
f 89//412 85//413 10//414 
f 85//415 89//416 90//417 
f 90//418 86//419 85//420 
f 86//421 90//422 91//423 
f 91//424 87//425 86//426 
f 87//427 91//428 92//429 
f 92//430 88//431 87//432 
f 15//433 20//434 93//435 
f 93//436 89//437 15//438 
f 89//439 93//440 94//441 
f 94//442 90//443 89//444 
f 90//445 94//446 95//447 
f 95//448 91//449 90//450 
f 91//451 95//452 96//453 
f 96//454 92//455 91//456 
f 20//457 25//458 97//459 
f 97//460 93//461 20//462 
f 93//463 97//464 98//465 
f 98//466 94//467 93//468 
f 94//469 98//470 99//471 
f 99//472 95//473 94//474 
f 95//475 99//476 100//477 
f 100//478 96//479 95//480 
f 25//481 30//482 101//483 
f 101//484 97//485 25//486 
f 97//487 101//488 102//489 
f 102//490 98//491 97//492 
f 98//493 102//494 103//495 
f 103//496 99//497 98//498 
f 99//499 103//500 104//501 
f 104//502 100//503 99//504 
f 30//505 35//506 105//507 
f 105//508 101//509 30//510 
f 101//511 105//512 106//513 
f 106//514 102//515 101//516 
f 102//517 106//518 107//519 
f 107//520 103//521 102//522 
f 103//523 107//524 108//525 
f 108//526 104//527 103//528 
f 35//529 40//530 109//531 
f 109//532 105//533 35//534 
f 105//535 109//536 110//537 
f 110//538 106//539 105//540 
f 106//541 110//542 111//543 
f 111//544 107//545 106//546 
f 107//547 111//548 112//549 
f 112//550 108//551 107//552 
f 40//553 45//554 113//555 
f 113//556 109//557 40//558 
f 109//559 113//560 114//561 
f 114//562 110//563 109//564 
f 110//565 114//566 115//567 
f 115//568 111//569 110//570 
f 111//571 115//572 116//573 
f 116//574 112//575 111//576 
f 45//577 50//578 117//579 
f 117//580 113//581 45//582 
f 113//583 117//584 118//585 
f 118//586 114//587 113//588 
f 114//589 118//590 119//591 
f 119//592 115//593 114//594 
f 115//595 119//596 120//597 
f 120//598 116//599 115//600 
f 50//601 55//602 121//603 
f 121//604 117//605 50//606 
f 117//607 121//608 122//609 
f 122//610 118//611 117//612 
f 118//613 122//614 123//615 
f 123//616 119//617 118//618 
f 119//619 123//620 124//621 
f 124//622 120//623 119//624 
f 55//625 60//626 125//627 
f 125//628 121//629 55//630 
f 121//631 125//632 126//633 
f 126//634 122//635 121//636 
f 122//637 126//638 127//639 
f 127//640 123//641 122//642 
f 123//643 127//644 128//645 
f 128//646 124//647 123//648 
f 60//649 65//650 129//651 
f 129//652 125//653 60//654 
f 125//655 129//656 130//657 
f 130//658 126//659 125//660 
f 126//661 130//662 131//663 
f 131//664 127//665 126//666 
f 127//667 131//668 132//669 
f 132//670 128//671 127//672 
f 65//673 70//674 133//675 
f 133//676 129//677 65//678 
f 129//679 133//680 134//681 
f 134//682 130//683 129//684 
f 130//685 134//686 135//687 
f 135//688 131//689 130//690 
f 131//691 135//692 136//693 
f 136//694 132//695 131//696 
f 70//697 75//698 137//699 
f 137//700 133//701 70//702 
f 133//703 137//704 138//705 
f 138//706 134//707 133//708 
f 134//709 138//710 139//711 
f 139//712 135//713 134//714 
f 135//715 139//716 140//717 
f 140//718 136//719 135//720 
f 75//721 80//722 141//723 
f 141//724 137//725 75//726 
f 137//727 141//728 142//729 
f 142//730 138//731 137//732 
f 138//733 142//734 143//735 
f 143//736 139//737 138//738 
f 139//739 143//740 144//741 
f 144//742 140//743 139//744 
f 80//745 5//746 81//747 
f 81//748 141//749 80//750 
f 141//751 81//752 82//753 
f 82//754 142//755 141//756 
f 142//757 82//758 83//759 
f 83//760 143//761 142//762 
f 143//763 83//764 84//765 
f 84//766 144//767 143//768 
f 84//769 88//770 149//771 
f 149//772 145//773 84//774 
f 145//775 149//776 150//777 
f 150//778 146//779 145//780 
f 146//781 150//782 151//783 
f 151//784 147//785 146//786 
f 147//787 151//788 152//789 
f 152//790 148//791 147//792 
f 88//793 92//794 153//795 
f 153//796 149//797 88//798 
f 149//799 153//800 154//801 
f 154//802 150//803 149//804 
f 150//805 154//806 155//807 
f 155//808 151//809 150//810 
f 151//811 155//812 156//813 
f 156//814 152//815 151//816 
f 92//817 96//818 157//819 
f 157//820 153//821 92//822 
f 153//823 157//824 158//825 
f 158//826 154//827 153//828 
f 154//829 158//830 159//831 
f 159//832 155//833 154//834 
f 155//835 159//836 160//837 
f 160//838 156//839 155//840 
f 96//841 100//842 161//843 
f 161//844 157//845 96//846 
f 157//847 161//848 162//849 
f 162//850 158//851 157//852 
f 158//853 162//854 163//855 
f 163//856 159//857 158//858 
f 159//859 163//860 164//861 
f 164//862 160//863 159//864 
f 100//865 104//866 165//867 
f 165//868 161//869 100//870 
f 161//871 165//872 166//873 
f 166//874 162//875 161//876 
f 162//877 166//878 167//879 
f 167//880 163//881 162//882 
f 163//883 167//884 168//885 
f 168//886 164//887 163//888 
f 104//889 108//890 169//891 
f 169//892 165//893 104//894 
f 165//895 169//896 170//897 
f 170//898 166//899 165//900 
f 166//901 170//902 171//903 
f 171//904 167//905 166//906 
f 167//907 171//908 172//909 
f 172//910 168//911 167//912 
f 108//913 112//914 173//915 
f 173//916 169//917 108//918 
f 169//919 173//920 174//921 
f 174//922 170//923 169//924 
f 170//925 174//926 175//927 
f 175//928 171//929 170//930 
f 171//931 175//932 176//933 
f 176//934 172//935 171//936 
f 112//937 116//938 177//939 
f 177//940 173//941 112//942 
f 173//943 177//944 178//945 
f 178//946 174//947 173//948 
f 174//949 178//950 179//951 
f 179//952 175//953 174//954 
f 175//955 179//956 180//957 
f 180//958 176//959 175//960 
f 116//961 120//962 181//963 
f 181//964 177//965 116//966 
f 177//967 181//968 182//969 
f 182//970 178//971 177//972 
f 178//973 182//974 183//975 
f 183//976 179//977 178//978 
f 179//979 183//980 184//981 
f 184//982 180//983 179//984 
f 120//985 124//986 185//987 
f 185//988 181//989 120//990 
f 181//991 185//992 186//993 
f 186//994 182//995 181//996 
f 182//997 186//998 187//999 
f 187//1000 183//1001 182//1002 
f 183//1003 187//1004 188//1005 
f 188//1006 184//1007 183//1008 
f 124//1009 128//1010 189//1011 
f 189//1012 185//1013 124//1014 
f 185//1015 189//1016 190//1017 
f 190//1018 186//1019 185//1020 
f 186//1021 190//1022 191//1023 
f 191//1024 187//1025 186//1026 
f 187//1027 191//1028 192//1029 
f 192//1030 188//1031 187//1032 
f 128//1033 132//1034 193//1035 
f 193//1036 189//1037 128//1038 
f 189//1039 193//1040 194//1041 
f 194//1042 190//1043 189//1044 
f 190//1045 194//1046 195//1047 
f 195//1048 191//1049 190//1050 
f 191//1051 195//1052 196//1053 
f 196//1054 192//1055 191//1056 
f 132//1057 136//1058 197//1059 
f 197//1060 193//1061 132//1062 
f 193//1063 197//1064 198//1065 
f 198//1066 194//1067 193//1068 
f 194//1069 198//1070 199//1071 
f 199//1072 195//1073 194//1074 
f 195//1075 199//1076 200//1077 
f 200//1078 196//1079 195//1080 
f 136//1081 140//1082 201//1083 
f 201//1084 197//1085 136//1086 
f 197//1087 201//1088 202//1089 
f 202//1090 198//1091 197//1092 
f 198//1093 202//1094 203//1095 
f 203//1096 199//1097 198//1098 
f 199//1099 203//1100 204//1101 
f 204//1102 200//1103 199//1104 
f 140//1105 144//1106 205//1107 
f 205//1108 201//1109 140//1110 
f 201//1111 205//1112 206//1113 
f 206//1114 202//1115 201//1116 
f 202//1117 206//1118 207//1119 
f 207//1120 203//1121 202//1122 
f 203//1123 207//1124 208//1125 
f 208//1126 204//1127 203//1128 
f 144//1129 84//1130 145//1131 
f 145//1132 205//1133 144//1134 
f 205//1135 145//1136 146//1137 
f 146//1138 206//1139 205//1140 
f 206//1141 146//1142 147//1143 
f 147//1144 207//1145 206//1146 
f 207//1147 147//1148 148//1149 
f 148//1150 208//1151 207//1152 
f 148//1153 152//1154 213//1155 
f 213//1156 209//1157 148//1158 
f 209//1159 213//1160 214//1161 
f 214//1162 210//1163 209//1164 
f 210//1165 214//1166 215//1167 
f 215//1168 211//1169 210//1170 
f 211//1171 215//1172 212//1173 
f 212//1174 212//1175 211//1176 
f 152//1177 156//1178 216//1179 
f 216//1180 213//1181 152//1182 
f 213//1183 216//1184 217//1185 
f 217//1186 214//1187 213//1188 
f 214//1189 217//1190 218//1191 
f 218//1192 215//1193 214//1194 
f 215//1195 218//1196 212//1197 
f 212//1198 212//1199 215//1200 
f 156//1201 160//1202 219//1203 
f 219//1204 216//1205 156//1206 
f 216//1207 219//1208 220//1209 
f 220//1210 217//1211 216//1212 
f 217//1213 220//1214 221//1215 
f 221//1216 218//1217 217//1218 
f 218//1219 221//1220 212//1221 
f 212//1222 212//1223 218//1224 
f 160//1225 164//1226 222//1227 
f 222//1228 219//1229 160//1230 
f 219//1231 222//1232 223//1233 
f 223//1234 220//1235 219//1236 
f 220//1237 223//1238 224//1239 
f 224//1240 221//1241 220//1242 
f 221//1243 224//1244 212//1245 
f 212//1246 212//1247 221//1248 
f 164//1249 168//1250 225//1251 
f 225//1252 222//1253 164//1254 
f 222//1255 225//1256 226//1257 
f 226//1258 223//1259 222//1260 
f 223//1261 226//1262 227//1263 
f 227//1264 224//1265 223//1266 
f 224//1267 227//1268 212//1269 
f 212//1270 212//1271 224//1272 
f 168//1273 172//1274 228//1275 
f 228//1276 225//1277 168//1278 
f 225//1279 228//1280 229//1281 
f 229//1282 226//1283 225//1284 
f 226//1285 229//1286 230//1287 
f 230//1288 227//1289 226//1290 
f 227//1291 230//1292 212//1293 
f 212//1294 212//1295 227//1296 
f 172//1297 176//1298 231//1299 
f 231//1300 228//1301 172//1302 
f 228//1303 231//1304 232//1305 
f 232//1306 229//1307 228//1308 
f 229//1309 232//1310 233//1311 
f 233//1312 230//1313 229//1314 
f 230//1315 233//1316 212//1317 
f 212//1318 212//1319 230//1320 
f 176//1321 180//1322 234//1323 
f 234//1324 231//1325 176//1326 
f 231//1327 234//1328 235//1329 
f 235//1330 232//1331 231//1332 
f 232//1333 235//1334 236//1335 
f 236//1336 233//1337 232//1338 
f 233//1339 236//1340 212//1341 
f 212//1342 212//1343 233//1344 
f 180//1345 184//1346 237//1347 
f 237//1348 234//1349 180//1350 
f 234//1351 237//1352 238//1353 
f 238//1354 235//1355 234//1356 
f 235//1357 238//1358 239//1359 
f 239//1360 236//1361 235//1362 
f 236//1363 239//1364 212//1365 
f 212//1366 212//1367 236//1368 
f 184//1369 188//1370 240//1371 
f 240//1372 237//1373 184//1374 
f 237//1375 240//1376 241//1377 
f 241//1378 238//1379 237//1380 
f 238//1381 241//1382 242//1383 
f 242//1384 239//1385 238//1386 
f 239//1387 242//1388 212//1389 
f 212//1390 212//1391 239//1392 
f 188//1393 192//1394 243//1395 
f 243//1396 240//1397 188//1398 
f 240//1399 243//1400 244//1401 
f 244//1402 241//1403 240//1404 
f 241//1405 244//1406 245//1407 
f 245//1408 242//1409 241//1410 
f 242//1411 245//1412 212//1413 
f 212//1414 212//1415 242//1416 
f 192//1417 196//1418 246//1419 
f 246//1420 243//1421 192//1422 
f 243//1423 246//1424 247//1425 
f 247//1426 244//1427 243//1428 
f 244//1429 247//1430 248//1431 
f 248//1432 245//1433 244//1434 
f 245//1435 248//1436 212//1437 
f 212//1438 212//1439 245//1440 
f 196//1441 200//1442 249//1443 
f 249//1444 246//1445 196//1446 
f 246//1447 249//1448 250//1449 
f 250//1450 247//1451 246//1452 
f 247//1453 250//1454 251//1455 
f 251//1456 248//1457 247//1458 
f 248//1459 251//1460 212//1461 
f 212//1462 212//1463 248//1464 
f 200//1465 204//1466 252//1467 
f 252//1468 249//1469 200//1470 
f 249//1471 252//1472 253//1473 
f 253//1474 250//1475 249//1476 
f 250//1477 253//1478 254//1479 
f 254//1480 251//1481 250//1482 
f 251//1483 254//1484 212//1485 
f 212//1486 212//1487 251//1488 
f 204//1489 208//1490 255//1491 
f 255//1492 252//1493 204//1494 
f 252//1495 255//1496 256//1497 
f 256//1498 253//1499 252//1500 
f 253//1501 256//1502 257//1503 
f 257//1504 254//1505 253//1506 
f 254//1507 257//1508 212//1509 
f 212//1510 212//1511 254//1512 
f 208//1513 148//1514 209//1515 
f 209//1516 255//1517 208//1518 
f 255//1519 209//1520 210//1521 
f 210//1522 256//1523 255//1524 
f 256//1525 210//1526 211//1527 
f 211//1528 257//1529 256//1530 
f 257//1531 211//1532 212//1533 
f 212//1534 212//1535 257//1536 
f 258//1537 263//1538 264//1539 
f 264//1540 259//1541 258//1542 
f 259//1543 264//1544 265//1545 
f 265//1546 260//1547 259//1548 
f 260//1549 265//1550 266//1551 
f 266//1552 261//1553 260//1554 
f 261//1555 266//1556 267//1557 
f 267//1558 262//1559 261//1560 
f 263//1561 268//1562 269//1563 
f 269//1564 264//1565 263//1566 
f 264//1567 269//1568 270//1569 
f 270//1570 265//1571 264//1572 
f 265//1573 270//1574 271//1575 
f 271//1576 266//1577 265//1578 
f 266//1579 271//1580 272//1581 
f 272//1582 267//1583 266//1584 
f 268//1585 273//1586 274//1587 
f 274//1588 269//1589 268//1590 
f 269//1591 274//1592 275//1593 
f 275//1594 270//1595 269//1596 
f 270//1597 275//1598 276//1599 
f 276//1600 271//1601 270//1602 
f 271//1603 276//1604 277//1605 
f 277//1606 272//1607 271//1608 
f 273//1609 278//1610 279//1611 
f 279//1612 274//1613 273//1614 
f 274//1615 279//1616 280//1617 
f 280//1618 275//1619 274//1620 
f 275//1621 280//1622 281//1623 
f 281//1624 276//1625 275//1626 
f 276//1627 281//1628 282//1629 
f 282//1630 277//1631 276//1632 
f 278//1633 283//1634 284//1635 
f 284//1636 279//1637 278//1638 
f 279//1639 284//1640 285//1641 
f 285//1642 280//1643 279//1644 
f 280//1645 285//1646 286//1647 
f 286//1648 281//1649 280//1650 
f 281//1651 286//1652 287//1653 
f 287//1654 282//1655 281//1656 
f 283//1657 288//1658 289//1659 
f 289//1660 284//1661 283//1662 
f 284//1663 289//1664 290//1665 
f 290//1666 285//1667 284//1668 
f 285//1669 290//1670 291//1671 
f 291//1672 286//1673 285//1674 
f 286//1675 291//1676 292//1677 
f 292//1678 287//1679 286//1680 
f 288//1681 293//1682 294//1683 
f 294//1684 289//1685 288//1686 
f 289//1687 294//1688 295//1689 
f 295//1690 290//1691 289//1692 
f 290//1693 295//1694 296//1695 
f 296//1696 291//1697 290//1698 
f 291//1699 296//1700 297//1701 
f 297//1702 292//1703 291//1704 
f 293//1705 258//1706 259//1707 
f 259//1708 294//1709 293//1710 
f 294//1711 259//1712 260//1713 
f 260//1714 295//1715 294//1716 
f 295//1717 260//1718 261//1719 
f 261//1720 296//1721 295//1722 
f 296//1723 261//1724 262//1725 
f 262//1726 297//1727 296//1728 
f 262//1729 267//1730 302//1731 
f 302//1732 298//1733 262//1734 
f 298//1735 302//1736 303//1737 
f 303//1738 299//1739 298//1740 
f 299//1741 303//1742 304//1743 
f 304//1744 300//1745 299//1746 
f 300//1747 304//1748 305//1749 
f 305//1750 301//1751 300//1752 
f 267//1753 272//1754 306//1755 
f 306//1756 302//1757 267//1758 
f 302//1759 306//1760 307//1761 
f 307//1762 303//1763 302//1764 
f 303//1765 307//1766 308//1767 
f 308//1768 304//1769 303//1770 
f 304//1771 308//1772 309//1773 
f 309//1774 305//1775 304//1776 
f 272//1777 277//1778 310//1779 
f 310//1780 306//1781 272//1782 
f 306//1783 310//1784 311//1785 
f 311//1786 307//1787 306//1788 
f 307//1789 311//1790 312//1791 
f 312//1792 308//1793 307//1794 
f 308//1795 312//1796 313//1797 
f 313//1798 309//1799 308//1800 
f 277//1801 282//1802 314//1803 
f 314//1804 310//1805 277//1806 
f 310//1807 314//1808 315//1809 
f 315//1810 311//1811 310//1812 
f 311//1813 315//1814 316//1815 
f 316//1816 312//1817 311//1818 
f 312//1819 316//1820 317//1821 
f 317//1822 313//1823 312//1824 
f 282//1825 287//1826 318//1827 
f 318//1828 314//1829 282//1830 
f 314//1831 318//1832 319//1833 
f 319//1834 315//1835 314//1836 
f 315//1837 319//1838 320//1839 
f 320//1840 316//1841 315//1842 
f 316//1843 320//1844 321//1845 
f 321//1846 317//1847 316//1848 
f 287//1849 292//1850 322//1851 
f 322//1852 318//1853 287//1854 
f 318//1855 322//1856 323//1857 
f 323//1858 319//1859 318//1860 
f 319//1861 323//1862 324//1863 
f 324//1864 320//1865 319//1866 
f 320//1867 324//1868 325//1869 
f 325//1870 321//1871 320//1872 
f 292//1873 297//1874 326//1875 
f 326//1876 322//1877 292//1878 
f 322//1879 326//1880 327//1881 
f 327//1882 323//1883 322//1884 
f 323//1885 327//1886 328//1887 
f 328//1888 324//1889 323//1890 
f 324//1891 328//1892 329//1893 
f 329//1894 325//1895 324//1896 
f 297//1897 262//1898 298//1899 
f 298//1900 326//1901 297//1902 
f 326//1903 298//1904 299//1905 
f 299//1906 327//1907 326//1908 
f 327//1909 299//1910 300//1911 
f 300//1912 328//1913 327//1914 
f 328//1915 300//1916 301//1917 
f 301//1918 329//1919 328//1920 
f 330//1921 335//1922 336//1923 
f 336//1924 331//1925 330//1926 
f 331//1927 336//1928 337//1929 
f 337//1930 332//1931 331//1932 
f 332//1933 337//1934 338//1935 
f 338//1936 333//1937 332//1938 
f 333//1939 338//1940 339//1941 
f 339//1942 334//1943 333//1944 
f 335//1945 340//1946 341//1947 
f 341//1948 336//1949 335//1950 
f 336//1951 341//1952 342//1953 
f 342//1954 337//1955 336//1956 
f 337//1957 342//1958 343//1959 
f 343//1960 338//1961 337//1962 
f 338//1963 343//1964 344//1965 
f 344//1966 339//1967 338//1968 
f 340//1969 345//1970 346//1971 
f 346//1972 341//1973 340//1974 
f 341//1975 346//1976 347//1977 
f 347//1978 342//1979 341//1980 
f 342//1981 347//1982 348//1983 
f 348//1984 343//1985 342//1986 
f 343//1987 348//1988 349//1989 
f 349//1990 344//1991 343//1992 
f 345//1993 350//1994 351//1995 
f 351//1996 346//1997 345//1998 
f 346//1999 351//2000 352//2001 
f 352//2002 347//2003 346//2004 
f 347//2005 352//2006 353//2007 
f 353//2008 348//2009 347//2010 
f 348//2011 353//2012 354//2013 
f 354//2014 349//2015 348//2016 
f 350//2017 355//2018 356//2019 
f 356//2020 351//2021 350//2022 
f 351//2023 356//2024 357//2025 
f 357//2026 352//2027 351//2028 
f 352//2029 357//2030 358//2031 
f 358//2032 353//2033 352//2034 
f 353//2035 358//2036 359//2037 
f 359//2038 354//2039 353//2040 
f 355//2041 360//2042 361//2043 
f 361//2044 356//2045 355//2046 
f 356//2047 361//2048 362//2049 
f 362//2050 357//2051 356//2052 
f 357//2053 362//2054 363//2055 
f 363//2056 358//2057 357//2058 
f 358//2059 363//2060 364//2061 
f 364//2062 359//2063 358//2064 
f 360//2065 365//2066 366//2067 
f 366//2068 361//2069 360//2070 
f 361//2071 366//2072 367//2073 
f 367//2074 362//2075 361//2076 
f 362//2077 367//2078 368//2079 
f 368//2080 363//2081 362//2082 
f 363//2083 368//2084 369//2085 
f 369//2086 364//2087 363//2088 
f 365//2089 330//2090 331//2091 
f 331//2092 366//2093 365//2094 
f 366//2095 331//2096 332//2097 
f 332//2098 367//2099 366//2100 
f 367//2101 332//2102 333//2103 
f 333//2104 368//2105 367//2106 
f 368//2107 333//2108 334//2109 
f 334//2110 369//2111 368//2112 
f 334//2113 339//2114 374//2115 
f 374//2116 370//2117 334//2118 
f 370//2119 374//2120 375//2121 
f 375//2122 371//2123 370//2124 
f 371//2125 375//2126 376//2127 
f 376//2128 372//2129 371//2130 
f 372//2131 376//2132 377//2133 
f 377//2134 373//2135 372//2136 
f 339//2137 344//2138 378//2139 
f 378//2140 374//2141 339//2142 
f 374//2143 378//2144 379//2145 
f 379//2146 375//2147 374//2148 
f 375//2149 379//2150 380//2151 
f 380//2152 376//2153 375//2154 
f 376//2155 380//2156 381//2157 
f 381//2158 377//2159 376//2160 
f 344//2161 349//2162 382//2163 
f 382//2164 378//2165 344//2166 
f 378//2167 382//2168 383//2169 
f 383//2170 379//2171 378//2172 
f 379//2173 383//2174 384//2175 
f 384//2176 380//2177 379//2178 
f 380//2179 384//2180 385//2181 
f 385//2182 381//2183 380//2184 
f 349//2185 354//2186 386//2187 
f 386//2188 382//2189 349//2190 
f 382//2191 386//2192 387//2193 
f 387//2194 383//2195 382//2196 
f 383//2197 387//2198 388//2199 
f 388//2200 384//2201 383//2202 
f 384//2203 388//2204 389//2205 
f 389//2206 385//2207 384//2208 
f 354//2209 359//2210 390//2211 
f 390//2212 386//2213 354//2214 
f 386//2215 390//2216 391//2217 
f 391//2218 387//2219 386//2220 
f 387//2221 391//2222 392//2223 
f 392//2224 388//2225 387//2226 
f 388//2227 392//2228 393//2229 
f 393//2230 389//2231 388//2232 
f 359//2233 364//2234 394//2235 
f 394//2236 390//2237 359//2238 
f 390//2239 394//2240 395//2241 
f 395//2242 391//2243 390//2244 
f 391//2245 395//2246 396//2247 
f 396//2248 392//2249 391//2250 
f 392//2251 396//2252 397//2253 
f 397//2254 393//2255 392//2256 
f 364//2257 369//2258 398//2259 
f 398//2260 394//2261 364//2262 
f 394//2263 398//2264 399//2265 
f 399//2266 395//2267 394//2268 
f 395//2269 399//2270 400//2271 
f 400//2272 396//2273 395//2274 
f 396//2275 400//2276 401//2277 
f 401//2278 397//2279 396//2280 
f 369//2281 334//2282 370//2283 
f 370//2284 398//2285 369//2286 
f 398//2287 370//2288 371//2289 
f 371//2290 399//2291 398//2292 
f 399//2293 371//2294 372//2295 
f 372//2296 400//2297 399//2298 
f 400//2299 372//2300 373//2301 
f 373//2302 401//2303 400//2304 
f 402//2305 402//2306 407//2307 
f 407//2308 403//2309 402//2310 
f 403//2311 407//2312 408//2313 
f 408//2314 404//2315 403//2316 
f 404//2317 408//2318 409//2319 
f 409//2320 405//2321 404//2322 
f 405//2323 409//2324 410//2325 
f 410//2326 406//2327 405//2328 
f 402//2329 402//2330 411//2331 
f 411//2332 407//2333 402//2334 
f 407//2335 411//2336 412//2337 
f 412//2338 408//2339 407//2340 
f 408//2341 412//2342 413//2343 
f 413//2344 409//2345 408//2346 
f 409//2347 413//2348 414//2349 
f 414//2350 410//2351 409//2352 
f 402//2353 402//2354 415//2355 
f 415//2356 411//2357 402//2358 
f 411//2359 415//2360 416//2361 
f 416//2362 412//2363 411//2364 
f 412//2365 416//2366 417//2367 
f 417//2368 413//2369 412//2370 
f 413//2371 417//2372 418//2373 
f 418//2374 414//2375 413//2376 
f 402//2377 402//2378 419//2379 
f 419//2380 415//2381 402//2382 
f 415//2383 419//2384 420//2385 
f 420//2386 416//2387 415//2388 
f 416//2389 420//2390 421//2391 
f 421//2392 417//2393 416//2394 
f 417//2395 421//2396 422//2397 
f 422//2398 418//2399 417//2400 
f 402//2401 402//2402 423//2403 
f 423//2404 419//2405 402//2406 
f 419//2407 423//2408 424//2409 
f 424//2410 420//2411 419//2412 
f 420//2413 424//2414 425//2415 
f 425//2416 421//2417 420//2418 
f 421//2419 425//2420 426//2421 
f 426//2422 422//2423 421//2424 
f 402//2425 402//2426 427//2427 
f 427//2428 423//2429 402//2430 
f 423//2431 427//2432 428//2433 
f 428//2434 424//2435 423//2436 
f 424//2437 428//2438 429//2439 
f 429//2440 425//2441 424//2442 
f 425//2443 429//2444 430//2445 
f 430//2446 426//2447 425//2448 
f 402//2449 402//2450 431//2451 
f 431//2452 427//2453 402//2454 
f 427//2455 431//2456 432//2457 
f 432//2458 428//2459 427//2460 
f 428//2461 432//2462 433//2463 
f 433//2464 429//2465 428//2466 
f 429//2467 433//2468 434//2469 
f 434//2470 430//2471 429//2472 
f 402//2473 402//2474 435//2475 
f 435//2476 431//2477 402//2478 
f 431//2479 435//2480 436//2481 
f 436//2482 432//2483 431//2484 
f 432//2485 436//2486 437//2487 
f 437//2488 433//2489 432//2490 
f 433//2491 437//2492 438//2493 
f 438//2494 434//2495 433//2496 
f 402//2497 402//2498 439//2499 
f 439//2500 435//2501 402//2502 
f 435//2503 439//2504 440//2505 
f 440//2506 436//2507 435//2508 
f 436//2509 440//2510 441//2511 
f 441//2512 437//2513 436//2514 
f 437//2515 441//2516 442//2517 
f 442//2518 438//2519 437//2520 
f 402//2521 402//2522 443//2523 
f 443//2524 439//2525 402//2526 
f 439//2527 443//2528 444//2529 
f 444//2530 440//2531 439//2532 
f 440//2533 444//2534 445//2535 
f 445//2536 441//2537 440//2538 
f 441//2539 445//2540 446//2541 
f 446//2542 442//2543 441//2544 
f 402//2545 402//2546 447//2547 
f 447//2548 443//2549 402//2550 
f 443//2551 447//2552 448//2553 
f 448//2554 444//2555 443//2556 
f 444//2557 448//2558 449//2559 
f 449//2560 445//2561 444//2562 
f 445//2563 449//2564 450//2565 
f 450//2566 446//2567 445//2568 
f 402//2569 402//2570 451//2571 
f 451//2572 447//2573 402//2574 
f 447//2575 451//2576 452//2577 
f 452//2578 448//2579 447//2580 
f 448//2581 452//2582 453//2583 
f 453//2584 449//2585 448//2586 
f 449//2587 453//2588 454//2589 
f 454//2590 450//2591 449//2592 
f 402//2593 402//2594 455//2595 
f 455//2596 451//2597 402//2598 
f 451//2599 455//2600 456//2601 
f 456//2602 452//2603 451//2604 
f 452//2605 456//2606 457//2607 
f 457//2608 453//2609 452//2610 
f 453//2611 457//2612 458//2613 
f 458//2614 454//2615 453//2616 
f 402//2617 402//2618 459//2619 
f 459//2620 455//2621 402//2622 
f 455//2623 459//2624 460//2625 
f 460//2626 456//2627 455//2628 
f 456//2629 460//2630 461//2631 
f 461//2632 457//2633 456//2634 
f 457//2635 461//2636 462//2637 
f 462//2638 458//2639 457//2640 
f 402//2641 402//2642 463//2643 
f 463//2644 459//2645 402//2646 
f 459//2647 463//2648 464//2649 
f 464//2650 460//2651 459//2652 
f 460//2653 464//2654 465//2655 
f 465//2656 461//2657 460//2658 
f 461//2659 465//2660 466//2661 
f 466//2662 462//2663 461//2664 
f 402//2665 402//2666 403//2667 
f 403//2668 463//2669 402//2670 
f 463//2671 403//2672 404//2673 
f 404//2674 464//2675 463//2676 
f 464//2677 404//2678 405//2679 
f 405//2680 465//2681 464//2682 
f 465//2683 405//2684 406//2685 
f 406//2686 466//2687 465//2688 
f 406//2689 410//2690 471//2691 
f 471//2692 467//2693 406//2694 
f 467//2695 471//2696 472//2697 
f 472//2698 468//2699 467//2700 
f 468//2701 472//2702 473//2703 
f 473//2704 469//2705 468//2706 
f 469//2707 473//2708 474//2709 
f 474//2710 470//2711 469//2712 
f 410//2713 414//2714 475//2715 
f 475//2716 471//2717 410//2718 
f 471//2719 475//2720 476//2721 
f 476//2722 472//2723 471//2724 
f 472//2725 476//2726 477//2727 
f 477//2728 473//2729 472//2730 
f 473//2731 477//2732 478//2733 
f 478//2734 474//2735 473//2736 
f 414//2737 418//2738 479//2739 
f 479//2740 475//2741 414//2742 
f 475//2743 479//2744 480//2745 
f 480//2746 476//2747 475//2748 
f 476//2749 480//2750 481//2751 
f 481//2752 477//2753 476//2754 
f 477//2755 481//2756 482//2757 
f 482//2758 478//2759 477//2760 
f 418//2761 422//2762 483//2763 
f 483//2764 479//2765 418//2766 
f 479//2767 483//2768 484//2769 
f 484//2770 480//2771 479//2772 
f 480//2773 484//2774 485//2775 
f 485//2776 481//2777 480//2778 
f 481//2779 485//2780 486//2781 
f 486//2782 482//2783 481//2784 
f 422//2785 426//2786 487//2787 
f 487//2788 483//2789 422//2790 
f 483//2791 487//2792 488//2793 
f 488//2794 484//2795 483//2796 
f 484//2797 488//2798 489//2799 
f 489//2800 485//2801 484//2802 
f 485//2803 489//2804 490//2805 
f 490//2806 486//2807 485//2808 
f 426//2809 430//2810 491//2811 
f 491//2812 487//2813 426//2814 
f 487//2815 491//2816 492//2817 
f 492//2818 488//2819 487//2820 
f 488//2821 492//2822 493//2823 
f 493//2824 489//2825 488//2826 
f 489//2827 493//2828 494//2829 
f 494//2830 490//2831 489//2832 
f 430//2833 434//2834 495//2835 
f 495//2836 491//2837 430//2838 
f 491//2839 495//2840 496//2841 
f 496//2842 492//2843 491//2844 
f 492//2845 496//2846 497//2847 
f 497//2848 493//2849 492//2850 
f 493//2851 497//2852 498//2853 
f 498//2854 494//2855 493//2856 
f 434//2857 438//2858 499//2859 
f 499//2860 495//2861 434//2862 
f 495//2863 499//2864 500//2865 
f 500//2866 496//2867 495//2868 
f 496//2869 500//2870 501//2871 
f 501//2872 497//2873 496//2874 
f 497//2875 501//2876 502//2877 
f 502//2878 498//2879 497//2880 
f 438//2881 442//2882 503//2883 
f 503//2884 499//2885 438//2886 
f 499//2887 503//2888 504//2889 
f 504//2890 500//2891 499//2892 
f 500//2893 504//2894 505//2895 
f 505//2896 501//2897 500//2898 
f 501//2899 505//2900 506//2901 
f 506//2902 502//2903 501//2904 
f 442//2905 446//2906 507//2907 
f 507//2908 503//2909 442//2910 
f 503//2911 507//2912 508//2913 
f 508//2914 504//2915 503//2916 
f 504//2917 508//2918 509//2919 
f 509//2920 505//2921 504//2922 
f 505//2923 509//2924 510//2925 
f 510//2926 506//2927 505//2928 
f 446//2929 450//2930 511//2931 
f 511//2932 507//2933 446//2934 
f 507//2935 511//2936 512//2937 
f 512//2938 508//2939 507//2940 
f 508//2941 512//2942 513//2943 
f 513//2944 509//2945 508//2946 
f 509//2947 513//2948 514//2949 
f 514//2950 510//2951 509//2952 
f 450//2953 454//2954 515//2955 
f 515//2956 511//2957 450//2958 
f 511//2959 515//2960 516//2961 
f 516//2962 512//2963 511//2964 
f 512//2965 516//2966 517//2967 
f 517//2968 513//2969 512//2970 
f 513//2971 517//2972 518//2973 
f 518//2974 514//2975 513//2976 
f 454//2977 458//2978 519//2979 
f 519//2980 515//2981 454//2982 
f 515//2983 519//2984 520//2985 
f 520//2986 516//2987 515//2988 
f 516//2989 520//2990 521//2991 
f 521//2992 517//2993 516//2994 
f 517//2995 521//2996 522//2997 
f 522//2998 518//2999 517//3000 
f 458//3001 462//3002 523//3003 
f 523//3004 519//3005 458//3006 
f 519//3007 523//3008 524//3009 
f 524//3010 520//3011 519//3012 
f 520//3013 524//3014 525//3015 
f 525//3016 521//3017 520//3018 
f 521//3019 525//3020 526//3021 
f 526//3022 522//3023 521//3024 
f 462//3025 466//3026 527//3027 
f 527//3028 523//3029 462//3030 
f 523//3031 527//3032 528//3033 
f 528//3034 524//3035 523//3036 
f 524//3037 528//3038 529//3039 
f 529//3040 525//3041 524//3042 
f 525//3043 529//3044 530//3045 
f 530//3046 526//3047 525//3048 
f 466//3049 406//3050 467//3051 
f 467//3052 527//3053 466//3054 
f 527//3055 467//3056 468//3057 
f 468//3058 528//3059 527//3060 
f 528//3061 468//3062 469//3063 
f 469//3064 529//3065 528//3066 
f 529//3067 469//3068 470//3069 
f 470//3070 530//3071 529//3072 
# 1024 faces

